SK_ID_CURR,default_probability,risk_band,credit_amount,collections_priority_score,top_reason_codes
265745,0.861903147314799,Critical Risk,2448000.0,121.36,Reason codes not available in SHAP sample
110403,0.8249489637907077,Critical Risk,2961000.0,121.22,Reason codes not available in SHAP sample
367208,0.8780970957256502,Critical Risk,1971072.0,118.62,Reason codes not available in SHAP sample
449691,0.8741813937598222,Critical Risk,1971072.0,118.09,Reason codes not available in SHAP sample
335680,0.8969890457946872,Critical Risk,1615968.0,117.35,Reason codes not available in SHAP sample
279112,0.8818037714428687,Critical Risk,1795500.0,117.26,Reason codes not available in SHAP sample
438132,0.8672213543457105,Critical Risk,1971072.0,117.15,Reason codes not available in SHAP sample
414746,0.8724155544995432,Critical Risk,1890000.0,117.0,Reason codes not available in SHAP sample
280858,0.8787052954778499,Critical Risk,1800000.0,116.9,Reason codes not available in SHAP sample
364859,0.9397833707692612,Critical Risk,1078200.0,116.89,Reason codes not available in SHAP sample
392208,0.86979883094801,Critical Risk,1804500.0,115.76,Reason codes not available in SHAP sample
354137,0.910618477677544,Critical Risk,1256400.0,115.21,Reason codes not available in SHAP sample
226102,0.9131638384685458,Critical Risk,1224990.0,115.19,Reason codes not available in SHAP sample
213824,0.9231897553744396,Critical Risk,1096020.0,115.03,Reason codes not available in SHAP sample
259774,0.8444236709692433,Critical Risk,2064186.0,115.01,Reason codes not available in SHAP sample
395348,0.8330226937497088,Critical Risk,2146500.0,114.28,Reason codes not available in SHAP sample
308801,0.8575041205643706,Critical Risk,1768500.0,113.75,Reason codes not available in SHAP sample
242393,0.9021658373871936,Critical Risk,1211049.0,113.65,Reason codes not available in SHAP sample
395528,0.8943973612674619,Critical Risk,1288350.0,113.5,Reason codes not available in SHAP sample
241295,0.8807792988745703,Critical Risk,1442952.0,113.4,Reason codes not available in SHAP sample
241350,0.8549240990524015,Critical Risk,1762110.0,113.35,Reason codes not available in SHAP sample
265531,0.8857556242541385,Critical Risk,1372500.0,113.3,Reason codes not available in SHAP sample
361965,0.838573081615249,Critical Risk,1971072.0,113.28,Reason codes not available in SHAP sample
232843,0.950620214513237,Critical Risk,640080.0,113.25,Reason codes not available in SHAP sample
151484,0.9186241611468297,Critical Risk,970380.0,113.07,Reason codes not available in SHAP sample
358089,0.8498335258939673,Critical Risk,1800000.0,113.06,Reason codes not available in SHAP sample
283031,0.9084142342506496,Critical Risk,1078200.0,112.99,Reason codes not available in SHAP sample
106659,0.8691538297667268,Critical Risk,1546020.0,112.98,Reason codes not available in SHAP sample
363126,0.850810244496134,Critical Risk,1772181.0,112.9,Reason codes not available in SHAP sample
144477,0.9085744845011862,Critical Risk,1045854.0,112.66,Reason codes not available in SHAP sample
105611,0.9082726536991312,Critical Risk,1042560.0,112.59,Reason codes not available in SHAP sample
369022,0.8665485446816813,Critical Risk,1534500.0,112.52,Reason codes not available in SHAP sample
406203,0.8811462219209775,Critical Risk,1341067.5,112.38,Reason codes not available in SHAP sample
279561,0.914781771179865,Critical Risk,942300.0,112.29,Reason codes not available in SHAP sample
343054,0.8906995118383845,Critical Risk,1215000.0,112.25,Reason codes not available in SHAP sample
100273,0.8500355973155332,Critical Risk,1710000.0,112.17,Reason codes not available in SHAP sample
284415,0.925045797250844,Critical Risk,808650.0,112.07,Reason codes not available in SHAP sample
364061,0.94497864195837,Critical Risk,592560.0,112.04,Reason codes not available in SHAP sample
227684,0.9005508513980137,Critical Risk,1078200.0,112.01,Reason codes not available in SHAP sample
375698,0.8968936693631733,Critical Risk,1118286.0,111.99,Reason codes not available in SHAP sample
172904,0.8054921454902748,Critical Risk,2290743.0,111.9,Reason codes not available in SHAP sample
371949,0.8993937029338879,Critical Risk,1078200.0,111.87,Reason codes not available in SHAP sample
140653,0.9168595473918454,Critical Risk,878733.0,111.85,Reason codes not available in SHAP sample
114699,0.9226042886194048,Critical Risk,808650.0,111.78,Reason codes not available in SHAP sample
401727,0.9382006117195792,Critical Risk,640080.0,111.77,Reason codes not available in SHAP sample
325145,0.8592858439985238,Critical Risk,1546020.0,111.7,Reason codes not available in SHAP sample
258920,0.936600515279194,Critical Risk,640080.0,111.58,Reason codes not available in SHAP sample
291258,0.9244599960451648,Critical Risk,770913.0,111.58,Reason codes not available in SHAP sample
203007,0.9131095161213272,Critical Risk,886500.0,111.48,Reason codes not available in SHAP sample
163956,0.9400587935472876,Critical Risk,592560.0,111.46,Reason codes not available in SHAP sample
111813,0.8311103069521187,Critical Risk,1886850.0,111.43,Reason codes not available in SHAP sample
168260,0.9177207567922868,Critical Risk,829809.0,111.42,Reason codes not available in SHAP sample
308805,0.8956625893629419,Critical Risk,1078200.0,111.41,Reason codes not available in SHAP sample
232969,0.9004712870039301,Critical Risk,1021500.0,111.39,Reason codes not available in SHAP sample
308439,0.8914172777830747,Critical Risk,1125000.0,111.38,Reason codes not available in SHAP sample
134303,0.9346881101023552,Critical Risk,640080.0,111.35,Reason codes not available in SHAP sample
385797,0.9231670223186584,Critical Risk,763870.5,111.35,Reason codes not available in SHAP sample
153193,0.8952164294776769,Critical Risk,1078200.0,111.35,Low external credit score; POS repayment profile signal; High bureau debt burden
156227,0.9435281292172768,Critical Risk,545040.0,111.33,Reason codes not available in SHAP sample
449188,0.8944663944178158,Critical Risk,1078200.0,111.26,Reason codes not available in SHAP sample
167270,0.8694794823532127,Critical Risk,1377000.0,111.26,Reason codes not available in SHAP sample
146766,0.8939476107530352,Critical Risk,1078200.0,111.19,Reason codes not available in SHAP sample
242902,0.9105053068194812,Critical Risk,888840.0,111.18,Reason codes not available in SHAP sample
252300,0.893736092252417,Critical Risk,1078200.0,111.17,Reason codes not available in SHAP sample
440963,0.9372847550436464,Critical Risk,592560.0,111.13,Reason codes not available in SHAP sample
370410,0.9321663244248884,Critical Risk,640080.0,111.05,Reason codes not available in SHAP sample
264064,0.8777181526192841,Critical Risk,1256400.0,111.05,Reason codes not available in SHAP sample
356907,0.8705684545128897,Critical Risk,1341000.0,111.03,Reason codes not available in SHAP sample
308283,0.9098634523370565,Critical Risk,879480.0,111.0,Reason codes not available in SHAP sample
429085,0.9146776906667384,Critical Risk,819432.0,110.93,Reason codes not available in SHAP sample
155828,0.8344742310606059,Critical Risk,1791000.0,110.92,Reason codes not available in SHAP sample
410242,0.9266902142754246,Critical Risk,675000.0,110.79,Reason codes not available in SHAP sample
398305,0.9169057306487436,Critical Risk,781920.0,110.79,Reason codes not available in SHAP sample
434274,0.8612820546892932,Critical Risk,1432647.0,110.79,Reason codes not available in SHAP sample
353564,0.895117311290483,Critical Risk,1026000.0,110.78,Reason codes not available in SHAP sample
233663,0.929796799389537,Critical Risk,640080.0,110.77,Reason codes not available in SHAP sample
162973,0.8539964045567677,Critical Risk,1522651.5,110.77,Reason codes not available in SHAP sample
145351,0.90437429243367,Critical Risk,916470.0,110.74,Reason codes not available in SHAP sample
136278,0.8902196010814949,Critical Risk,1078200.0,110.73,Reason codes not available in SHAP sample
131113,0.8749333799725998,Critical Risk,1256400.0,110.7,Reason codes not available in SHAP sample
338156,0.916293058630896,Critical Risk,779688.0,110.69,Reason codes not available in SHAP sample
118931,0.7841139477927508,Critical Risk,2475000.0,110.66,Reason codes not available in SHAP sample
155521,0.8893749275627894,Critical Risk,1078200.0,110.62,Reason codes not available in SHAP sample
321580,0.9328828217295546,Critical Risk,592560.0,110.6,Reason codes not available in SHAP sample
346693,0.8953574539887341,Critical Risk,1006920.0,110.6,Reason codes not available in SHAP sample
395788,0.912689573066933,Critical Risk,808650.0,110.57,Reason codes not available in SHAP sample
291594,0.8713113918139166,Critical Risk,1288350.0,110.57,Low external credit score; POS repayment profile signal; Credit exposure risk signal
380146,0.8737751614141964,Critical Risk,1256400.0,110.55,Reason codes not available in SHAP sample
432274,0.93215002430868,Critical Risk,592560.0,110.52,Reason codes not available in SHAP sample
163382,0.9405469131014236,Critical Risk,503676.0,110.51,Reason codes not available in SHAP sample
102135,0.8745585882798389,Critical Risk,1236816.0,110.44,Reason codes not available in SHAP sample
275359,0.908851591588764,Critical Risk,835380.0,110.4,Reason codes not available in SHAP sample
275379,0.9378081496263502,Critical Risk,521280.0,110.39,Reason codes not available in SHAP sample
316762,0.9377983539945746,Critical Risk,521280.0,110.39,Reason codes not available in SHAP sample
179016,0.8883447987681258,Critical Risk,1067940.0,110.39,Reason codes not available in SHAP sample
337850,0.904135408466272,Critical Risk,879480.0,110.31,Reason codes not available in SHAP sample
242086,0.8984664531427293,Critical Risk,942300.0,110.29,Reason codes not available in SHAP sample
148154,0.8700864616851656,Critical Risk,1275921.0,110.29,Reason codes not available in SHAP sample
426025,0.9469135440674687,Critical Risk,414792.0,110.25,Reason codes not available in SHAP sample
454088,0.9296995389977034,Critical Risk,592560.0,110.23,Reason codes not available in SHAP sample
100541,0.9014708159490916,Critical Risk,900000.0,110.2,Reason codes not available in SHAP sample
426225,0.8710158184319533,Critical Risk,1256400.0,110.2,Reason codes not available in SHAP sample
110084,0.8859212081654116,Critical Risk,1078200.0,110.19,Reason codes not available in SHAP sample
447939,0.8975977342458077,Critical Risk,942300.0,110.18,Reason codes not available in SHAP sample
137238,0.8943708218349113,Critical Risk,976500.0,110.15,Reason codes not available in SHAP sample
406244,0.9287278680250104,Critical Risk,592560.0,110.11,Low external credit score; Credit exposure risk signal; Annuity burden risk signal
329437,0.8896577558348474,Critical Risk,1024740.0,110.09,Reason codes not available in SHAP sample
260496,0.9258274757762668,Critical Risk,620878.5,110.08,Reason codes not available in SHAP sample
124148,0.8674797465445269,Critical Risk,1288350.0,110.08,Reason codes not available in SHAP sample
130171,0.9389150319303946,Critical Risk,479974.5,110.05,Reason codes not available in SHAP sample
104028,0.8348945643967879,Critical Risk,1695483.0,110.02,Reason codes not available in SHAP sample
265466,0.9250961965094028,Critical Risk,622188.0,110.01,Reason codes not available in SHAP sample
384459,0.8937042296916321,Critical Risk,970380.0,110.01,Reason codes not available in SHAP sample
189484,0.9277644758739848,Critical Risk,592560.0,110.0,Reason codes not available in SHAP sample
127963,0.941688534929604,Critical Risk,444420.0,109.98,Reason codes not available in SHAP sample
194664,0.9414041068865576,Critical Risk,448056.0,109.98,Reason codes not available in SHAP sample
148853,0.9100073787977128,Critical Risk,781695.0,109.96,Reason codes not available in SHAP sample
421460,0.92296341654561,Critical Risk,640080.0,109.95,Reason codes not available in SHAP sample
187933,0.9272828246940428,Critical Risk,592560.0,109.94,Reason codes not available in SHAP sample
241117,0.9049692568555175,Critical Risk,835380.0,109.93,Reason codes not available in SHAP sample
300549,0.8688527002109454,Critical Risk,1256400.0,109.93,Reason codes not available in SHAP sample
260468,0.8894162005905949,Critical Risk,1011402.0,109.92,Reason codes not available in SHAP sample
246769,0.8881770099400143,Critical Risk,1024290.0,109.9,Reason codes not available in SHAP sample
455614,0.931340391030022,Critical Risk,545040.0,109.89,Reason codes not available in SHAP sample
421752,0.8465969550519644,Critical Risk,1525405.5,109.84,Reason codes not available in SHAP sample
188550,0.8256150554005772,Critical Risk,1800000.0,109.83,Reason codes not available in SHAP sample
317482,0.8902648329686369,Critical Risk,990000.0,109.79,Reason codes not available in SHAP sample
190189,0.8357490687892876,Critical Risk,1660500.0,109.79,Reason codes not available in SHAP sample
120841,0.888771293354345,Critical Risk,1005120.0,109.77,Reason codes not available in SHAP sample
282953,0.9035402975146488,Critical Risk,835380.0,109.76,Reason codes not available in SHAP sample
342284,0.9179472039041062,Critical Risk,675000.0,109.74,Reason codes not available in SHAP sample
334640,0.8823122211467602,Critical Risk,1078200.0,109.74,Reason codes not available in SHAP sample
200162,0.9253433405782404,Critical Risk,592560.0,109.71,Reason codes not available in SHAP sample
109007,0.8820377749745563,Critical Risk,1078200.0,109.71,Reason codes not available in SHAP sample
371490,0.938623572109818,Critical Risk,450000.0,109.68,Reason codes not available in SHAP sample
125731,0.9102043805474664,Critical Risk,753840.0,109.68,Reason codes not available in SHAP sample
244071,0.9051424364050802,Critical Risk,808650.0,109.66,Reason codes not available in SHAP sample
223200,0.9025273904612734,Critical Risk,835380.0,109.63,Reason codes not available in SHAP sample
337476,0.924562930514717,Critical Risk,592560.0,109.62,Reason codes not available in SHAP sample
341587,0.8296313455447538,Critical Risk,1724688.0,109.62,Reason codes not available in SHAP sample
192298,0.9020784988452968,Critical Risk,835380.0,109.58,Reason codes not available in SHAP sample
165379,0.8770279210741583,Critical Risk,1125000.0,109.58,Reason codes not available in SHAP sample
406505,0.8660449280437137,Critical Risk,1256400.0,109.57,Reason codes not available in SHAP sample
350470,0.8961788283132445,Critical Risk,900000.0,109.56,Reason codes not available in SHAP sample
260609,0.9042013047209796,Critical Risk,808650.0,109.55,Reason codes not available in SHAP sample
316425,0.8920628248882994,Critical Risk,946503.0,109.55,Reason codes not available in SHAP sample
114511,0.9193934518728276,Critical Risk,640080.0,109.53,Reason codes not available in SHAP sample
258888,0.9089912452807072,Critical Risk,752742.0,109.52,Reason codes not available in SHAP sample
207668,0.9280428616225485,Critical Risk,545040.0,109.5,Reason codes not available in SHAP sample
432012,0.8803703602688544,Critical Risk,1078200.0,109.5,Reason codes not available in SHAP sample
409674,0.9301717482455866,Critical Risk,521280.0,109.49,Reason codes not available in SHAP sample
453995,0.9234707037371508,Critical Risk,592560.0,109.49,Reason codes not available in SHAP sample
206789,0.8862030238905124,Critical Risk,1008337.5,109.49,Reason codes not available in SHAP sample
151373,0.9231688185424988,Critical Risk,592560.0,109.45,Reason codes not available in SHAP sample
267883,0.8866649967892178,Critical Risk,999000.0,109.44,Reason codes not available in SHAP sample
164916,0.90545337330923,Critical Risk,781920.0,109.41,Reason codes not available in SHAP sample
154759,0.9271338348899396,Critical Risk,545040.0,109.4,Reason codes not available in SHAP sample
428022,0.8310723873636491,Critical Risk,1683000.0,109.4,Reason codes not available in SHAP sample
271328,0.8515374000887103,Critical Risk,1417185.0,109.38,Reason codes not available in SHAP sample
180928,0.902753344019042,Critical Risk,808650.0,109.37,Reason codes not available in SHAP sample
226920,0.9223480217671476,Critical Risk,592560.0,109.36,Reason codes not available in SHAP sample
429895,0.9288872583128848,Critical Risk,521280.0,109.34,Reason codes not available in SHAP sample
261469,0.8879752611614261,Critical Risk,973710.0,109.34,Reason codes not available in SHAP sample
329488,0.8641303826801436,Critical Risk,1256400.0,109.33,Reason codes not available in SHAP sample
190793,0.9095785120844664,Critical Risk,728460.0,109.32,Reason codes not available in SHAP sample
451137,0.9263909263205212,Critical Risk,545040.0,109.31,Reason codes not available in SHAP sample
422463,0.9219409237351096,Critical Risk,592560.0,109.31,Reason codes not available in SHAP sample
338631,0.9174612407436898,Critical Risk,640080.0,109.3,Reason codes not available in SHAP sample
118195,0.90897836547485,Critical Risk,729792.0,109.27,Reason codes not available in SHAP sample
439931,0.9058041808992008,Critical Risk,765000.0,109.27,Reason codes not available in SHAP sample
384473,0.9257784274387012,Critical Risk,545040.0,109.24,Reason codes not available in SHAP sample
415136,0.8904068203717725,Critical Risk,936018.0,109.23,Reason codes not available in SHAP sample
156066,0.9095012800375716,Critical Risk,719946.0,109.22,Reason codes not available in SHAP sample
341663,0.8691671329019595,Critical Risk,1185120.0,109.22,Reason codes not available in SHAP sample
409652,0.9345396613920992,Critical Risk,450000.0,109.2,Reason codes not available in SHAP sample
426511,0.9277134267013252,Critical Risk,521280.0,109.2,Reason codes not available in SHAP sample
149945,0.9166010611821744,Critical Risk,640080.0,109.2,Reason codes not available in SHAP sample
355748,0.9165357760452776,Critical Risk,640080.0,109.19,Reason codes not available in SHAP sample
148845,0.9114472724916944,Critical Risk,691020.0,109.14,Reason codes not available in SHAP sample
288627,0.9204097128700454,Critical Risk,592560.0,109.13,Reason codes not available in SHAP sample
360740,0.856782301919511,Critical Risk,1327500.0,109.13,Reason codes not available in SHAP sample
373216,0.9247265326595736,Critical Risk,544068.0,109.1,Reason codes not available in SHAP sample
120313,0.8229063591263485,Critical Risk,1762110.0,109.1,Reason codes not available in SHAP sample
154022,0.9157421649872266,Critical Risk,640080.0,109.09,Reason codes not available in SHAP sample
232507,0.9156940541733114,Critical Risk,640080.0,109.09,Reason codes not available in SHAP sample
310055,0.8985345772054021,Critical Risk,830214.0,109.09,Reason codes not available in SHAP sample
360146,0.9156601640284772,Critical Risk,640080.0,109.08,Reason codes not available in SHAP sample
153660,0.8369125791140323,Critical Risk,1575000.0,109.08,Reason codes not available in SHAP sample
302607,0.9154568291419408,Critical Risk,640080.0,109.06,Reason codes not available in SHAP sample
326163,0.8620202993509815,Critical Risk,1256400.0,109.06,Reason codes not available in SHAP sample
105111,0.8394379423216174,Critical Risk,1540305.0,109.06,Reason codes not available in SHAP sample
154448,0.9000969929793488,Critical Risk,808650.0,109.05,Reason codes not available in SHAP sample
236786,0.8797091497061259,Critical Risk,1042560.0,109.05,Reason codes not available in SHAP sample
159397,0.901586139023006,Critical Risk,790830.0,109.04,Reason codes not available in SHAP sample
243771,0.8265566106402541,Critical Risk,1706728.5,109.04,Reason codes not available in SHAP sample
238924,0.9240167985964126,Critical Risk,545040.0,109.03,Reason codes not available in SHAP sample
164923,0.9205327563996056,Critical Risk,582471.0,109.03,Reason codes not available in SHAP sample
358457,0.8591756814199919,Critical Risk,1288350.0,109.03,Reason codes not available in SHAP sample
401058,0.9149705335604628,Critical Risk,640080.0,109.0,Reason codes not available in SHAP sample
442059,0.8666784213184586,Critical Risk,1193580.0,109.0,Reason codes not available in SHAP sample
371856,0.9237175286258528,Critical Risk,545040.0,108.99,Reason codes not available in SHAP sample
140345,0.8388544634625571,Critical Risk,1540305.0,108.99,Reason codes not available in SHAP sample
133542,0.9145979010136088,Critical Risk,640080.0,108.96,Reason codes not available in SHAP sample
331463,0.9145340843395922,Critical Risk,640080.0,108.95,Reason codes not available in SHAP sample
353102,0.9144999841719385,Critical Risk,640080.0,108.95,Reason codes not available in SHAP sample
344759,0.926962987967818,Critical Risk,505642.5,108.94,Reason codes not available in SHAP sample
410575,0.8064507291306598,Critical Risk,1971072.0,108.94,Reason codes not available in SHAP sample
238626,0.9251445428164022,Critical Risk,521280.0,108.9,Low external credit score; Annuity burden risk signal
454666,0.9141243169281332,Critical Risk,640080.0,108.9,Reason codes not available in SHAP sample
159890,0.8855174584758503,Critical Risk,961146.0,108.9,Reason codes not available in SHAP sample
288907,0.9107977195786796,Critical Risk,675000.0,108.89,Reason codes not available in SHAP sample
126534,0.8376650982441746,Critical Risk,1546020.0,108.89,Reason codes not available in SHAP sample
418340,0.9226966641573776,Critical Risk,545040.0,108.87,Reason codes not available in SHAP sample
218200,0.910644771697168,Critical Risk,675000.0,108.87,Low external credit score; Prior refused application history
181065,0.9328835717886574,Critical Risk,436032.0,108.85,Reason codes not available in SHAP sample
167181,0.9135946553168266,Critical Risk,640080.0,108.84,Reason codes not available in SHAP sample
135901,0.8866587438427554,Critical Risk,942300.0,108.84,Reason codes not available in SHAP sample
304366,0.8964088802619347,Critical Risk,829584.0,108.83,Low external credit score; Credit exposure risk signal
347670,0.8997239183817215,Critical Risk,791532.0,108.82,Reason codes not available in SHAP sample
255250,0.8794274067769429,Critical Risk,1024740.0,108.82,Reason codes not available in SHAP sample
171428,0.940476576013205,Critical Risk,353241.0,108.81,Reason codes not available in SHAP sample
242173,0.9222013840502684,Critical Risk,545040.0,108.81,Reason codes not available in SHAP sample
393290,0.8532541549510263,Critical Risk,1339884.0,108.81,Reason codes not available in SHAP sample
423025,0.9373397969182417,Critical Risk,385164.0,108.8,Reason codes not available in SHAP sample
447859,0.8777246357351579,Critical Risk,1042560.0,108.8,Reason codes not available in SHAP sample
284386,0.9131466889294376,Critical Risk,640458.0,108.79,Reason codes not available in SHAP sample
150013,0.8571832866429088,Critical Risk,1288350.0,108.78,Reason codes not available in SHAP sample
282025,0.9078774847049454,Critical Risk,696150.0,108.77,Reason codes not available in SHAP sample
436529,0.9250003546660548,Critical Risk,509400.0,108.75,Reason codes not available in SHAP sample
128809,0.9175341758241644,Critical Risk,588874.5,108.74,Reason codes not available in SHAP sample
423384,0.9161365542140378,Critical Risk,601470.0,108.72,Reason codes not available in SHAP sample
234839,0.9194037247196712,Critical Risk,562932.0,108.68,Reason codes not available in SHAP sample
177300,0.9162091981728572,Critical Risk,592560.0,108.63,Reason codes not available in SHAP sample
262411,0.920539633229055,Critical Risk,545040.0,108.62,Reason codes not available in SHAP sample
299107,0.8657191653748103,Critical Risk,1168452.0,108.62,Reason codes not available in SHAP sample
256042,0.8716990052305819,Critical Risk,1096020.0,108.61,Reason codes not available in SHAP sample
204053,0.9224939974513868,Critical Risk,521280.0,108.59,Reason codes not available in SHAP sample
378234,0.9268181745578298,Critical Risk,473841.0,108.57,Reason codes not available in SHAP sample
314109,0.9113541703149324,Critical Risk,640080.0,108.57,Reason codes not available in SHAP sample
138670,0.9113472650943508,Critical Risk,640080.0,108.57,Reason codes not available in SHAP sample
340777,0.9032164463681984,Critical Risk,728460.0,108.56,Reason codes not available in SHAP sample
424397,0.8728022212077264,Critical Risk,1078200.0,108.56,Reason codes not available in SHAP sample
401724,0.8935059890815639,Critical Risk,835380.0,108.54,Reason codes not available in SHAP sample
365399,0.9231202503754736,Critical Risk,509400.0,108.53,Reason codes not available in SHAP sample
268670,0.8770533671587378,Critical Risk,1024740.0,108.53,Reason codes not available in SHAP sample
258542,0.9325940563246484,Critical Risk,408780.0,108.52,Reason codes not available in SHAP sample
228386,0.911357906621218,Critical Risk,634482.0,108.51,Reason codes not available in SHAP sample
342659,0.8785395747182985,Critical Risk,1005120.0,108.51,Reason codes not available in SHAP sample
365641,0.9218046693543772,Critical Risk,521280.0,108.5,Reason codes not available in SHAP sample
131870,0.9166825915570008,Critical Risk,576072.0,108.5,Reason codes not available in SHAP sample
406983,0.9073290958696568,Critical Risk,675000.0,108.47,Reason codes not available in SHAP sample
178549,0.8780978365108597,Critical Risk,1006920.0,108.47,Reason codes not available in SHAP sample
441017,0.8976015270552752,Critical Risk,781920.0,108.46,Reason codes not available in SHAP sample
329199,0.8928675944532792,Critical Risk,835380.0,108.46,Reason codes not available in SHAP sample
140600,0.9146757303261516,Critical Risk,592560.0,108.45,Reason codes not available in SHAP sample
451008,0.907188391031468,Critical Risk,675000.0,108.45,Reason codes not available in SHAP sample
331412,0.895061574770952,Critical Risk,808650.0,108.44,Reason codes not available in SHAP sample
338770,0.9245042340184284,Critical Risk,485640.0,108.43,Reason codes not available in SHAP sample
287807,0.9187876114266232,Critical Risk,545040.0,108.41,Reason codes not available in SHAP sample
349548,0.9187871814891788,Critical Risk,545040.0,108.41,Reason codes not available in SHAP sample
256749,0.928999444918838,Critical Risk,436032.0,108.4,Reason codes not available in SHAP sample
381451,0.914313507955326,Critical Risk,592560.0,108.4,Reason codes not available in SHAP sample
404898,0.918476887991456,Critical Risk,545040.0,108.37,Reason codes not available in SHAP sample
314715,0.909644708744012,Critical Risk,640080.0,108.37,Reason codes not available in SHAP sample
256087,0.8673125644188916,Critical Risk,1125000.0,108.37,Reason codes not available in SHAP sample
255507,0.9182831516561254,Critical Risk,545040.0,108.35,Reason codes not available in SHAP sample
418708,0.882506203864328,Critical Risk,942300.0,108.33,Reason codes not available in SHAP sample
226858,0.8664011022030672,Critical Risk,1130760.0,108.31,Reason codes not available in SHAP sample
350541,0.8493074138539122,Critical Risk,1339884.0,108.3,Reason codes not available in SHAP sample
247181,0.9095662108387482,Critical Risk,633681.0,108.29,Reason codes not available in SHAP sample
142739,0.917698702590149,Critical Risk,545040.0,108.28,Reason codes not available in SHAP sample
242127,0.925495989526616,Critical Risk,460858.5,108.27,Reason codes not available in SHAP sample
427306,0.881962277203065,Critical Risk,942300.0,108.26,Reason codes not available in SHAP sample
400683,0.9354415912737456,Critical Risk,355536.0,108.25,Reason codes not available in SHAP sample
313738,0.9130461347882736,Critical Risk,592560.0,108.25,Reason codes not available in SHAP sample
365503,0.8894273669727736,Critical Risk,855000.0,108.25,Reason codes not available in SHAP sample
400678,0.8763550188318984,Critical Risk,1006920.0,108.25,Reason codes not available in SHAP sample
322602,0.9171211105212748,Critical Risk,545040.0,108.21,Reason codes not available in SHAP sample
389465,0.9001939764417942,Critical Risk,729792.0,108.21,Reason codes not available in SHAP sample
350939,0.8504843955221896,Critical Risk,1314000.0,108.19,Reason codes not available in SHAP sample
150147,0.9124653140770752,Critical Risk,592560.0,108.18,Reason codes not available in SHAP sample
284392,0.9080009520122704,Critical Risk,640080.0,108.17,Reason codes not available in SHAP sample
444511,0.9415971629734272,Critical Risk,284400.0,108.16,Reason codes not available in SHAP sample
151205,0.9188730757744834,Critical Risk,521280.0,108.16,Reason codes not available in SHAP sample
436540,0.8504120050929629,Critical Risk,1312110.0,108.16,Reason codes not available in SHAP sample
213011,0.9074005482300036,Critical Risk,640080.0,108.1,Low external credit score; Credit exposure risk signal; High bureau debt burden
270280,0.8894028237847011,Critical Risk,840996.0,108.1,Reason codes not available in SHAP sample
332374,0.9115573637373924,Critical Risk,592560.0,108.08,Reason codes not available in SHAP sample
387690,0.907139727004083,Critical Risk,640080.0,108.07,Reason codes not available in SHAP sample
362526,0.9101294339253468,Critical Risk,605439.0,108.05,Reason codes not available in SHAP sample
312448,0.9070036861594556,Critical Risk,640080.0,108.05,Reason codes not available in SHAP sample
443093,0.8764768005129732,Critical Risk,986274.0,108.05,Reason codes not available in SHAP sample
434231,0.903713811260218,Critical Risk,675000.0,108.04,Reason codes not available in SHAP sample
227338,0.9155916949807442,Critical Risk,545040.0,108.03,Reason codes not available in SHAP sample
413898,0.8916978812468773,Critical Risk,808650.0,108.03,Reason codes not available in SHAP sample
395154,0.9221301333222576,Critical Risk,474048.0,108.02,Reason codes not available in SHAP sample
301317,0.8963414691355639,Critical Risk,754740.0,108.01,Reason codes not available in SHAP sample
103316,0.9153079723280596,Critical Risk,545040.0,108.0,Reason codes not available in SHAP sample
218214,0.9065419882364208,Critical Risk,640080.0,108.0,Reason codes not available in SHAP sample
361134,0.8797802405326802,Critical Risk,942300.0,108.0,Reason codes not available in SHAP sample
375423,0.8682347708912321,Critical Risk,1078200.0,107.99,Reason codes not available in SHAP sample
176904,0.915120814958205,Critical Risk,545040.0,107.98,Reason codes not available in SHAP sample
347587,0.898743805863928,Critical Risk,724500.0,107.98,Reason codes not available in SHAP sample
319596,0.8936737035396534,Critical Risk,781920.0,107.98,Reason codes not available in SHAP sample
219786,0.9370128250460984,Critical Risk,314055.0,107.97,Reason codes not available in SHAP sample
177638,0.90722055972383,Critical Risk,630000.0,107.97,Reason codes not available in SHAP sample
358878,0.9149842737546998,Critical Risk,545040.0,107.96,Reason codes not available in SHAP sample
232225,0.9380132331613156,Critical Risk,302544.0,107.95,Reason codes not available in SHAP sample
406957,0.906100466073846,Critical Risk,640080.0,107.95,Reason codes not available in SHAP sample
319844,0.8479347986718762,Critical Risk,1321902.0,107.95,Reason codes not available in SHAP sample
413331,0.9197808422610676,Critical Risk,490536.0,107.93,Reason codes not available in SHAP sample
214163,0.9167460860826192,Critical Risk,521280.0,107.91,Reason codes not available in SHAP sample
213607,0.9082789136451086,Critical Risk,612612.0,107.91,Reason codes not available in SHAP sample
164614,0.9335865996788326,Critical Risk,343800.0,107.9,Reason codes not available in SHAP sample
220460,0.916568048915331,Critical Risk,521280.0,107.89,Reason codes not available in SHAP sample
322543,0.9329537183778424,Critical Risk,348264.0,107.88,Reason codes not available in SHAP sample
162154,0.9055304339987598,Critical Risk,640080.0,107.88,Reason codes not available in SHAP sample
306082,0.905529214583885,Critical Risk,640080.0,107.88,Reason codes not available in SHAP sample
435488,0.8880539587712677,Critical Risk,835380.0,107.87,Reason codes not available in SHAP sample
176195,0.8642298757457735,Critical Risk,1113840.0,107.86,Reason codes not available in SHAP sample
252315,0.8642178752346605,Critical Risk,1113840.0,107.86,Reason codes not available in SHAP sample
180411,0.9096776503963948,Critical Risk,592560.0,107.85,Reason codes not available in SHAP sample
158308,0.913983945538156,Critical Risk,545040.0,107.84,Reason codes not available in SHAP sample
274863,0.8699063259926081,Critical Risk,1042560.0,107.83,Reason codes not available in SHAP sample
298055,0.8669090368158784,Critical Risk,1078200.0,107.83,Reason codes not available in SHAP sample
120787,0.9093579492192284,Critical Risk,592560.0,107.82,Reason codes not available in SHAP sample
383497,0.916754656014236,Critical Risk,512338.5,107.81,Reason codes not available in SHAP sample
168287,0.9314158418265286,Critical Risk,355536.0,107.79,Reason codes not available in SHAP sample
448270,0.9091590931552296,Critical Risk,592560.0,107.79,Reason codes not available in SHAP sample
133616,0.8779993727067704,Critical Risk,942300.0,107.78,Reason codes not available in SHAP sample
179439,0.849280496158763,Critical Risk,1288350.0,107.78,Reason codes not available in SHAP sample
304421,0.9303769373559752,Critical Risk,364896.0,107.77,Reason codes not available in SHAP sample
327941,0.9133771739555232,Critical Risk,545040.0,107.77,Reason codes not available in SHAP sample
334771,0.9104845154939823,Critical Risk,576000.0,107.77,Reason codes not available in SHAP sample
190820,0.8893477460888503,Critical Risk,808650.0,107.75,Reason codes not available in SHAP sample
257188,0.9087477581000027,Critical Risk,592560.0,107.74,Reason codes not available in SHAP sample
238168,0.9152509951546718,Critical Risk,521280.0,107.73,Reason codes not available in SHAP sample
142321,0.9042197656220052,Critical Risk,640080.0,107.72,Reason codes not available in SHAP sample
428689,0.9287783320475036,Critical Risk,375408.0,107.7,Reason codes not available in SHAP sample
267988,0.8746816895262668,Critical Risk,973710.0,107.7,Reason codes not available in SHAP sample
129807,0.921573696665704,Critical Risk,450000.0,107.69,Reason codes not available in SHAP sample
209243,0.9214921464997746,Critical Risk,450000.0,107.68,Reason codes not available in SHAP sample
136516,0.912051761367552,Critical Risk,550980.0,107.68,Reason codes not available in SHAP sample
452020,0.8771737678180059,Critical Risk,942300.0,107.68,Reason codes not available in SHAP sample
197248,0.9103100653461248,Critical Risk,568858.5,107.67,Reason codes not available in SHAP sample
291830,0.908112137845072,Critical Risk,592560.0,107.67,Reason codes not available in SHAP sample
225437,0.8974147631643141,Critical Risk,711072.0,107.67,Reason codes not available in SHAP sample
109259,0.8700832774420744,Critical Risk,1024740.0,107.67,Reason codes not available in SHAP sample
153610,0.8507049120490939,Critical Risk,1260702.0,107.67,Reason codes not available in SHAP sample
328226,0.916876644714914,Critical Risk,497520.0,107.66,Reason codes not available in SHAP sample
192585,0.915973786496938,Critical Risk,506889.0,107.66,Reason codes not available in SHAP sample
177278,0.8483808022844876,Critical Risk,1288350.0,107.66,Reason codes not available in SHAP sample
258009,0.9212483151384044,Critical Risk,450000.0,107.65,Reason codes not available in SHAP sample
187406,0.9035050536728376,Critical Risk,640080.0,107.64,Reason codes not available in SHAP sample
227581,0.8804720638263471,Critical Risk,900000.0,107.64,Reason codes not available in SHAP sample
269598,0.9369726797374534,Critical Risk,284400.0,107.63,Reason codes not available in SHAP sample
454442,0.9087594039490492,Critical Risk,582471.0,107.63,Reason codes not available in SHAP sample
398324,0.907785645687898,Critical Risk,592560.0,107.63,Reason codes not available in SHAP sample
154456,0.9034621782534517,Critical Risk,640080.0,107.63,Reason codes not available in SHAP sample
238567,0.928248369609105,Critical Risk,373500.0,107.62,Reason codes not available in SHAP sample
328096,0.9209796329586774,Critical Risk,450000.0,107.62,Reason codes not available in SHAP sample
430444,0.9119685103305288,Critical Risk,545040.0,107.61,Reason codes not available in SHAP sample
226918,0.8504541425839851,Critical Risk,1257430.5,107.61,Reason codes not available in SHAP sample
354337,0.8433805849436233,Critical Risk,1346089.5,107.61,Reason codes not available in SHAP sample
320553,0.8444533187834257,Critical Risk,1332000.0,107.6,Reason codes not available in SHAP sample
332887,0.9395499878704,Critical Risk,254700.0,107.59,Reason codes not available in SHAP sample
124070,0.8530836882227472,Critical Risk,1221354.0,107.57,Reason codes not available in SHAP sample
433801,0.8900899254244037,Critical Risk,781920.0,107.55,Reason codes not available in SHAP sample
199300,0.9361558893543712,Critical Risk,284400.0,107.54,Reason codes not available in SHAP sample
347356,0.8899992690296341,Critical Risk,781695.0,107.54,Reason codes not available in SHAP sample
231479,0.9040899588065198,Critical Risk,624289.5,107.53,Reason codes not available in SHAP sample
356603,0.880562037549292,Critical Risk,888840.0,107.53,Reason codes not available in SHAP sample
217942,0.8663373662838648,Critical Risk,1056447.0,107.53,Reason codes not available in SHAP sample
238037,0.9234055616847048,Critical Risk,414792.0,107.51,Reason codes not available in SHAP sample
320907,0.919234044008988,Critical Risk,458725.5,107.51,Reason codes not available in SHAP sample
109170,0.8203050669639776,Critical Risk,1635120.0,107.51,Reason codes not available in SHAP sample
271300,0.9155035332184498,Critical Risk,497749.5,107.5,Reason codes not available in SHAP sample
199175,0.8599011711368569,Critical Risk,1130760.0,107.5,Reason codes not available in SHAP sample
246993,0.913213587077182,Critical Risk,521280.0,107.49,Reason codes not available in SHAP sample
114166,0.902248843474215,Critical Risk,640080.0,107.49,Reason codes not available in SHAP sample
219782,0.9108737775913244,Critical Risk,545040.0,107.48,Reason codes not available in SHAP sample
364239,0.8870816321403179,Critical Risk,808650.0,107.47,Reason codes not available in SHAP sample
145900,0.8870250204326793,Critical Risk,808650.0,107.47,Reason codes not available in SHAP sample
102376,0.9154053935158954,Critical Risk,495000.0,107.46,Reason codes not available in SHAP sample
333756,0.9196164635420618,Critical Risk,448056.0,107.44,Reason codes not available in SHAP sample
260384,0.9324457918773834,Critical Risk,312768.0,107.43,Reason codes not available in SHAP sample
124378,0.9193928975680414,Critical Risk,450000.0,107.43,Reason codes not available in SHAP sample
444695,0.9060794728905652,Critical Risk,592560.0,107.43,Reason codes not available in SHAP sample
249953,0.8985400977730762,Critical Risk,675000.0,107.42,Reason codes not available in SHAP sample
163459,0.8490415361275969,Critical Risk,1256400.0,107.42,Reason codes not available in SHAP sample
159603,0.8635546316355325,Critical Risk,1078200.0,107.41,Reason codes not available in SHAP sample
357851,0.9179706554415716,Critical Risk,462195.0,107.4,Reason codes not available in SHAP sample
297779,0.9162833560751408,Critical Risk,480060.0,107.4,Reason codes not available in SHAP sample
149642,0.9270973496124402,Critical Risk,364896.0,107.39,Reason codes not available in SHAP sample
147228,0.9173005895010964,Critical Risk,468333.0,107.39,Reason codes not available in SHAP sample
337610,0.844951654582173,Critical Risk,1305000.0,107.39,Reason codes not available in SHAP sample
228710,0.7979826531140463,Critical Risk,1928304.0,107.39,Reason codes not available in SHAP sample
236142,0.9238637674859596,Critical Risk,398016.0,107.38,Reason codes not available in SHAP sample
340549,0.9013681820962705,Critical Risk,640080.0,107.38,Reason codes not available in SHAP sample
332336,0.8677654090480529,Critical Risk,1024290.0,107.37,Reason codes not available in SHAP sample
333974,0.85637200854808,Critical Risk,1160973.0,107.37,Reason codes not available in SHAP sample
436110,0.9159704919622836,Critical Risk,480060.0,107.36,Reason codes not available in SHAP sample
126149,0.8894710566744306,Critical Risk,770913.0,107.36,Reason codes not available in SHAP sample
194831,0.9097903121938898,Critical Risk,545040.0,107.35,Reason codes not available in SHAP sample
154089,0.9010654701512364,Critical Risk,640080.0,107.35,Reason codes not available in SHAP sample
246342,0.9163350570207544,Critical Risk,474048.0,107.34,Reason codes not available in SHAP sample
188110,0.9097210148511452,Critical Risk,545040.0,107.34,Low external credit score; POS repayment profile signal; Prior repayment delay
269831,0.9060335726913036,Critical Risk,584014.5,107.33,Reason codes not available in SHAP sample
144623,0.930155663757309,Critical Risk,327024.0,107.32,Reason codes not available in SHAP sample
127569,0.9091861210937574,Critical Risk,549000.0,107.32,Reason codes not available in SHAP sample
312452,0.9112103588071746,Critical Risk,526491.0,107.31,Reason codes not available in SHAP sample
390169,0.910028147857294,Critical Risk,539230.5,107.31,Reason codes not available in SHAP sample
274903,0.8989724337666967,Critical Risk,659610.0,107.31,Reason codes not available in SHAP sample
321109,0.9093691785252096,Critical Risk,545040.0,107.3,Reason codes not available in SHAP sample
129713,0.9006773430215966,Critical Risk,640080.0,107.3,Reason codes not available in SHAP sample
398583,0.8904244223328396,Critical Risk,754740.0,107.3,Reason codes not available in SHAP sample
299913,0.8685953173595025,Critical Risk,1006920.0,107.3,Low external credit score; POS repayment profile signal
324442,0.9310891228720376,Critical Risk,315000.0,107.29,Reason codes not available in SHAP sample
302252,0.8902583991726702,Critical Risk,755190.0,107.29,Reason codes not available in SHAP sample
244258,0.8670388824391775,Critical Risk,1024290.0,107.28,Reason codes not available in SHAP sample
206662,0.884933964952631,Critical Risk,814041.0,107.27,Reason codes not available in SHAP sample
210382,0.8691614585796823,Critical Risk,997335.0,107.27,Reason codes not available in SHAP sample
346468,0.926907778338137,Critical Risk,355536.0,107.26,Reason codes not available in SHAP sample
269024,0.9179090277922264,Critical Risk,450000.0,107.26,Reason codes not available in SHAP sample
274898,0.8680702328848993,Critical Risk,1009368.0,107.26,Reason codes not available in SHAP sample
243410,0.9143288268748786,Critical Risk,485640.0,107.23,Reason codes not available in SHAP sample
330115,0.8899077080429936,Critical Risk,753840.0,107.23,Reason codes not available in SHAP sample
274757,0.8816238699097108,Critical Risk,848745.0,107.23,Reason codes not available in SHAP sample
305482,0.92962529769683,Critical Risk,323388.0,107.22,Reason codes not available in SHAP sample
137566,0.9107916214550278,Critical Risk,521280.0,107.21,Reason codes not available in SHAP sample
163811,0.9303750677853982,Critical Risk,314100.0,107.2,Reason codes not available in SHAP sample
447928,0.903630722477123,Critical Risk,598486.5,107.2,Reason codes not available in SHAP sample
360854,0.9033462945837504,Critical Risk,601470.0,107.2,Reason codes not available in SHAP sample
140955,0.9084087707564408,Critical Risk,545040.0,107.19,Reason codes not available in SHAP sample
269349,0.9045586697746216,Critical Risk,587619.0,107.19,Reason codes not available in SHAP sample
304129,0.8870712608137332,Critical Risk,781920.0,107.19,Reason codes not available in SHAP sample
273439,0.9083665711336458,Critical Risk,545040.0,107.18,Reason codes not available in SHAP sample
341274,0.9031285830503036,Critical Risk,601677.0,107.18,Reason codes not available in SHAP sample
359356,0.8893926983395318,Critical Risk,755190.0,107.18,Reason codes not available in SHAP sample
135712,0.8675364076730754,Critical Risk,1006920.0,107.17,Reason codes not available in SHAP sample
149389,0.9125957892690708,Critical Risk,497520.0,107.16,Reason codes not available in SHAP sample
393730,0.9106913275938352,Critical Risk,517788.0,107.16,Reason codes not available in SHAP sample
189329,0.9082234044530882,Critical Risk,545040.0,107.16,Reason codes not available in SHAP sample
127281,0.8470824202392504,Critical Risk,1255680.0,107.16,Reason codes not available in SHAP sample
149296,0.920261135133972,Critical Risk,414792.0,107.15,Reason codes not available in SHAP sample
210647,0.8915267860969394,Critical Risk,728460.0,107.15,Reason codes not available in SHAP sample
393013,0.885963261421896,Critical Risk,790830.0,107.15,Reason codes not available in SHAP sample
300014,0.9101286681422918,Critical Risk,521280.0,107.13,Reason codes not available in SHAP sample
193355,0.8974525161185072,Critical Risk,659610.0,107.13,Reason codes not available in SHAP sample
352681,0.9098645491010836,Critical Risk,521280.0,107.1,Reason codes not available in SHAP sample
342132,0.8506144974955605,Critical Risk,1205451.0,107.1,Reason codes not available in SHAP sample
347645,0.8848441617125792,Critical Risk,797868.0,107.09,Reason codes not available in SHAP sample
361566,0.7848242963446597,Critical Risk,2085120.0,107.09,Reason codes not available in SHAP sample
339569,0.8609824106343783,Critical Risk,1076247.0,107.07,Reason codes not available in SHAP sample
441848,0.9159737840558958,Critical Risk,452385.0,107.06,Reason codes not available in SHAP sample
320151,0.8803965670654437,Critical Risk,846387.0,107.06,Reason codes not available in SHAP sample
343524,0.8011937008249043,Critical Risk,1849500.0,107.06,Reason codes not available in SHAP sample
190532,0.9160426801647974,Critical Risk,450000.0,107.04,Reason codes not available in SHAP sample
278112,0.914232986035306,Critical Risk,468733.5,107.04,Reason codes not available in SHAP sample
129061,0.9137530626186888,Critical Risk,474048.0,107.04,Reason codes not available in SHAP sample
432833,0.9072018099939482,Critical Risk,545040.0,107.04,Reason codes not available in SHAP sample
309794,0.8957192220655879,Critical Risk,670185.0,107.03,Reason codes not available in SHAP sample
409238,0.909185397727372,Critical Risk,521280.0,107.02,Reason codes not available in SHAP sample
361943,0.8958432591337713,Critical Risk,667237.5,107.02,Reason codes not available in SHAP sample
258845,0.875406083217884,Critical Risk,900000.0,107.02,Reason codes not available in SHAP sample
272234,0.8827050679454475,Critical Risk,814041.0,107.0,Reason codes not available in SHAP sample
194898,0.8432063481141941,Critical Risk,1288350.0,107.0,Reason codes not available in SHAP sample
363424,0.8897150315517636,Critical Risk,733176.0,106.99,Reason codes not available in SHAP sample
228368,0.8588966065443531,Critical Risk,1093068.0,106.99,Reason codes not available in SHAP sample
221039,0.8985100001381685,Critical Risk,634482.0,106.98,Reason codes not available in SHAP sample
371821,0.9038717050365904,Critical Risk,573408.0,106.96,Reason codes not available in SHAP sample
171698,0.9311156050728248,Critical Risk,283500.0,106.95,Reason codes not available in SHAP sample
456108,0.914521093538124,Critical Risk,457834.5,106.95,Reason codes not available in SHAP sample
448867,0.906350091620522,Critical Risk,545040.0,106.94,Reason codes not available in SHAP sample
438529,0.897648175412231,Critical Risk,640080.0,106.94,Reason codes not available in SHAP sample
158869,0.7885249625236609,Critical Risk,2016000.0,106.94,Reason codes not available in SHAP sample
399376,0.8802922258456071,Critical Risk,835380.0,106.93,Reason codes not available in SHAP sample
197431,0.8673672446828808,Critical Risk,986553.0,106.93,Reason codes not available in SHAP sample
422409,0.8631909923121726,Critical Risk,1035832.5,106.93,Reason codes not available in SHAP sample
434346,0.8504588252958646,Critical Risk,1190434.5,106.93,Reason codes not available in SHAP sample
110178,0.9214977328067684,Critical Risk,381528.0,106.92,Reason codes not available in SHAP sample
117692,0.8784513233735722,Critical Risk,855657.0,106.92,Reason codes not available in SHAP sample
396734,0.9307496625070732,Critical Risk,284400.0,106.91,Reason codes not available in SHAP sample
131928,0.9098763624694792,Critical Risk,503676.0,106.91,Reason codes not available in SHAP sample
221504,0.8871645861226244,Critical Risk,755190.0,106.91,Reason codes not available in SHAP sample
417358,0.8763179836326154,Critical Risk,879480.0,106.91,Reason codes not available in SHAP sample
243023,0.910410373595252,Critical Risk,497520.0,106.9,Reason codes not available in SHAP sample
442183,0.9060249800956172,Critical Risk,545040.0,106.9,Reason codes not available in SHAP sample
286607,0.8973570033119883,Critical Risk,640080.0,106.9,Reason codes not available in SHAP sample
434966,0.9124620860552114,Critical Risk,474048.0,106.89,Reason codes not available in SHAP sample
324760,0.9080826803791298,Critical Risk,521280.0,106.89,Reason codes not available in SHAP sample
199827,0.8724509335007423,Critical Risk,922500.0,106.89,Reason codes not available in SHAP sample
373648,0.9058052262888932,Critical Risk,545040.0,106.88,Reason codes not available in SHAP sample
337882,0.9058018039144198,Critical Risk,545040.0,106.88,Reason codes not available in SHAP sample
386598,0.9014969697990012,Critical Risk,592560.0,106.88,Reason codes not available in SHAP sample
226641,0.897133143506864,Critical Risk,640080.0,106.88,Reason codes not available in SHAP sample
124044,0.884531018768914,Critical Risk,781920.0,106.88,Reason codes not available in SHAP sample
221301,0.911126383653694,Critical Risk,486459.0,106.87,Reason codes not available in SHAP sample
171777,0.9102499566066148,Critical Risk,495985.5,106.87,Reason codes not available in SHAP sample
112503,0.9057694734836468,Critical Risk,545040.0,106.87,Reason codes not available in SHAP sample
108807,0.9056308414172026,Critical Risk,545040.0,106.86,Reason codes not available in SHAP sample
280436,0.9056111740597448,Critical Risk,545040.0,106.86,Reason codes not available in SHAP sample
385364,0.901320579602252,Critical Risk,592560.0,106.86,Reason codes not available in SHAP sample
111985,0.874421378870213,Critical Risk,896602.5,106.86,Reason codes not available in SHAP sample
244821,0.8289226862385578,Critical Risk,1456587.0,106.86,Reason codes not available in SHAP sample
355596,0.9144641459328212,Critical Risk,448056.0,106.84,Reason codes not available in SHAP sample
194387,0.9054635045254752,Critical Risk,545040.0,106.84,Reason codes not available in SHAP sample
338043,0.8991731569351304,Critical Risk,614475.0,106.84,Reason codes not available in SHAP sample
400084,0.8794569705711378,Critical Risk,835380.0,106.83,Reason codes not available in SHAP sample
451812,0.9074868481308974,Critical Risk,521280.0,106.82,Reason codes not available in SHAP sample
363628,0.8772934908632446,Critical Risk,859212.0,106.82,Reason codes not available in SHAP sample
172897,0.9274471078985316,Critical Risk,308965.5,106.81,Reason codes not available in SHAP sample
105397,0.908173700023202,Critical Risk,512064.0,106.8,Reason codes not available in SHAP sample
315786,0.9051190752853556,Critical Risk,545040.0,106.8,Reason codes not available in SHAP sample
226520,0.9028573575673916,Critical Risk,569673.0,106.8,Reason codes not available in SHAP sample
233264,0.9000153939837805,Critical Risk,601470.0,106.8,Reason codes not available in SHAP sample
283024,0.914082576610162,Critical Risk,448056.0,106.79,Reason codes not available in SHAP sample
443946,0.9072164510882886,Critical Risk,521280.0,106.79,Reason codes not available in SHAP sample
145112,0.8878704092716209,Critical Risk,735579.0,106.79,Reason codes not available in SHAP sample
242908,0.8758462802712976,Critical Risk,873342.0,106.79,Reason codes not available in SHAP sample
160510,0.9006415896933962,Critical Risk,592560.0,106.78,Reason codes not available in SHAP sample
214692,0.92945158111673,Critical Risk,284400.0,106.77,Reason codes not available in SHAP sample
235707,0.8541018117215066,Critical Risk,1130760.0,106.77,Reason codes not available in SHAP sample
234179,0.8439005017111024,Critical Risk,1256400.0,106.77,Reason codes not available in SHAP sample
337710,0.8401673108596478,Critical Risk,1303812.0,106.77,Reason codes not available in SHAP sample
452699,0.8315963238607985,Critical Risk,1413000.0,106.77,Reason codes not available in SHAP sample
108743,0.9252449283214064,Critical Risk,326439.0,106.75,Reason codes not available in SHAP sample
275830,0.9004036719345694,Critical Risk,592560.0,106.75,Reason codes not available in SHAP sample
330391,0.8740172909810421,Critical Risk,891072.0,106.75,Reason codes not available in SHAP sample
149550,0.8820870509924437,Critical Risk,796396.5,106.74,Reason codes not available in SHAP sample
321921,0.9064877488810568,Critical Risk,521280.0,106.7,Reason codes not available in SHAP sample
296038,0.8924941471346736,Critical Risk,675000.0,106.7,Reason codes not available in SHAP sample
209974,0.8807263501333903,Critical Risk,808650.0,106.7,Reason codes not available in SHAP sample
341699,0.7868679505800075,Critical Risk,2013840.0,106.7,Reason codes not available in SHAP sample
245116,0.8955581537191095,Critical Risk,640080.0,106.69,Reason codes not available in SHAP sample
147019,0.8669472962341703,Critical Risk,967428.0,106.68,Reason codes not available in SHAP sample
127013,0.9286580672248737,Critical Risk,284400.0,106.67,Reason codes not available in SHAP sample
128277,0.91203214265818,Critical Risk,457834.5,106.66,Reason codes not available in SHAP sample
425138,0.8952760741591274,Critical Risk,640080.0,106.66,Reason codes not available in SHAP sample
253159,0.9284436656985048,Critical Risk,284400.0,106.65,Reason codes not available in SHAP sample
204582,0.9256054758535932,Critical Risk,314100.0,106.65,Reason codes not available in SHAP sample
408111,0.9126706157676387,Critical Risk,450000.0,106.65,Reason codes not available in SHAP sample
159831,0.9059696015110577,Critical Risk,521280.0,106.64,Reason codes not available in SHAP sample
164505,0.8825447709839507,Critical Risk,781920.0,106.64,Reason codes not available in SHAP sample
373606,0.9307955849948928,Critical Risk,258768.0,106.63,Reason codes not available in SHAP sample
330627,0.8993912660413945,Critical Risk,592560.0,106.63,Reason codes not available in SHAP sample
343539,0.8778285839228868,Critical Risk,835380.0,106.63,Reason codes not available in SHAP sample
378260,0.8572545895767703,Critical Risk,1078200.0,106.63,Reason codes not available in SHAP sample
322842,0.7703184283884554,Critical Risk,2250000.0,106.63,Reason codes not available in SHAP sample
290962,0.8950029776651631,Critical Risk,640080.0,106.62,Reason codes not available in SHAP sample
268134,0.8800368456624319,Critical Risk,808650.0,106.62,Reason codes not available in SHAP sample
258636,0.9035255051070636,Critical Risk,545040.0,106.61,Reason codes not available in SHAP sample
357738,0.9018995962731378,Critical Risk,563269.5,106.61,Reason codes not available in SHAP sample
326457,0.8401390269120691,Critical Risk,1288350.0,106.61,Reason codes not available in SHAP sample
187086,0.8990769735984451,Critical Risk,592560.0,106.6,Reason codes not available in SHAP sample
352794,0.9055574804577736,Critical Risk,521280.0,106.59,Reason codes not available in SHAP sample
285207,0.910256418430788,Critical Risk,469152.0,106.58,Reason codes not available in SHAP sample
369502,0.9032879304770912,Critical Risk,545040.0,106.58,Reason codes not available in SHAP sample
352212,0.894643769758372,Critical Risk,640080.0,106.58,Reason codes not available in SHAP sample
118496,0.9132789443848696,Critical Risk,436032.0,106.57,Reason codes not available in SHAP sample
386397,0.9031825916373682,Critical Risk,545040.0,106.57,Reason codes not available in SHAP sample
217209,0.8866608362750308,Critical Risk,729000.0,106.57,Reason codes not available in SHAP sample
259263,0.8259683955988985,Critical Risk,1465587.0,106.57,Reason codes not available in SHAP sample
322340,0.8563398478337679,Critical Risk,1082214.0,106.56,Reason codes not available in SHAP sample
321793,0.9198819033151798,Critical Risk,364896.0,106.55,Reason codes not available in SHAP sample
189575,0.9118373827830264,Critical Risk,450000.0,106.55,Reason codes not available in SHAP sample
225921,0.920656571767183,Critical Risk,355536.0,106.54,Reason codes not available in SHAP sample
371670,0.867817440106197,Critical Risk,942300.0,106.53,Reason codes not available in SHAP sample
155899,0.8374036181158644,Critical Risk,1314117.0,106.53,Reason codes not available in SHAP sample
386051,0.8249327653600064,Critical Risk,1473871.5,106.52,Reason codes not available in SHAP sample
436768,0.9127913541128628,Critical Risk,436032.0,106.51,Reason codes not available in SHAP sample
373306,0.8607727755949981,Critical Risk,1024740.0,106.51,Reason codes not available in SHAP sample
380265,0.9020997863345528,Critical Risk,550467.0,106.5,Reason codes not available in SHAP sample
202932,0.919372933891494,Critical Risk,364896.0,106.49,Reason codes not available in SHAP sample
427277,0.9102705969233466,Critical Risk,460858.5,106.49,Reason codes not available in SHAP sample
100839,0.8775804699964487,Critical Risk,824823.0,106.49,Reason codes not available in SHAP sample
130773,0.9330519229501671,Critical Risk,221832.0,106.48,Reason codes not available in SHAP sample
150329,0.8788742272963213,Critical Risk,808650.0,106.48,Reason codes not available in SHAP sample
100804,0.9150802089903431,Critical Risk,407727.0,106.47,Reason codes not available in SHAP sample
362764,0.9045308733153068,Critical Risk,521280.0,106.47,Reason codes not available in SHAP sample
143299,0.8979322492726457,Critical Risk,592560.0,106.46,Reason codes not available in SHAP sample
288858,0.8764205305721768,Critical Risk,835605.0,106.46,Reason codes not available in SHAP sample
136748,0.8558942288780046,Critical Risk,1078200.0,106.46,Reason codes not available in SHAP sample
312666,0.8189547084677505,Critical Risk,1546020.0,106.46,Reason codes not available in SHAP sample
222446,0.917184242125574,Critical Risk,384048.0,106.45,Reason codes not available in SHAP sample
239246,0.896356406785078,Critical Risk,608076.0,106.44,Reason codes not available in SHAP sample
223707,0.8933893477688659,Critical Risk,640458.0,106.44,Reason codes not available in SHAP sample
426343,0.8785593723458155,Critical Risk,808650.0,106.44,Reason codes not available in SHAP sample
426709,0.927860410667898,Critical Risk,269550.0,106.42,Reason codes not available in SHAP sample
372303,0.8901422751979091,Critical Risk,675000.0,106.42,Reason codes not available in SHAP sample
218719,0.9068453555564424,Critical Risk,490536.0,106.41,Reason codes not available in SHAP sample
319769,0.8932273285706381,Critical Risk,640080.0,106.41,Reason codes not available in SHAP sample
373954,0.8555138798732185,Critical Risk,1078200.0,106.41,Reason codes not available in SHAP sample
395476,0.9356377572756468,Critical Risk,188460.0,106.4,Reason codes not available in SHAP sample
221124,0.8667966771569935,Critical Risk,942300.0,106.4,Reason codes not available in SHAP sample
227477,0.8343457600713157,Critical Risk,1339884.0,106.4,Reason codes not available in SHAP sample
441452,0.92343238903778,Critical Risk,312768.0,106.39,Reason codes not available in SHAP sample
198248,0.9104653525071564,Critical Risk,450000.0,106.39,Reason codes not available in SHAP sample
452022,0.9014789634788934,Critical Risk,545040.0,106.37,Reason codes not available in SHAP sample
361433,0.8978342174883144,Critical Risk,585000.0,106.37,Reason codes not available in SHAP sample
174402,0.8596137029210053,Critical Risk,1024740.0,106.37,Reason codes not available in SHAP sample
446896,0.8137225687182986,Critical Risk,1606500.0,106.37,Reason codes not available in SHAP sample
296838,0.9024719299516026,Critical Risk,533668.5,106.36,Reason codes not available in SHAP sample
196420,0.9005954987460145,Critical Risk,553581.0,106.36,Reason codes not available in SHAP sample
405648,0.8756248817399178,Critical Risk,835380.0,106.36,Reason codes not available in SHAP sample
205779,0.8685521019029806,Critical Risk,917172.0,106.36,Reason codes not available in SHAP sample
134634,0.910294964419258,Critical Risk,448056.0,106.35,Reason codes not available in SHAP sample
381597,0.8969632828508541,Critical Risk,592560.0,106.35,Reason codes not available in SHAP sample
427557,0.92715290144134,Critical Risk,269550.0,106.34,Reason codes not available in SHAP sample
236088,0.9258610102248792,Critical Risk,283500.0,106.34,Reason codes not available in SHAP sample
392901,0.90822761334098,Critical Risk,469152.0,106.34,Reason codes not available in SHAP sample
127747,0.9210362593476868,Critical Risk,332842.5,106.33,Reason codes not available in SHAP sample
359090,0.9011609941775314,Critical Risk,545040.0,106.33,Reason codes not available in SHAP sample
432917,0.8813702555265865,Critical Risk,765000.0,106.32,Reason codes not available in SHAP sample
332558,0.8518491036933343,Critical Risk,1113840.0,106.32,Reason codes not available in SHAP sample
250277,0.9197986494796478,Critical Risk,343800.0,106.31,Reason codes not available in SHAP sample
435183,0.9009616486318452,Critical Risk,545040.0,106.31,Reason codes not available in SHAP sample
396070,0.879071524005694,Critical Risk,790830.0,106.31,Reason codes not available in SHAP sample
397454,0.8474724061294426,Critical Risk,1166724.0,106.31,Reason codes not available in SHAP sample
425104,0.9220796394947468,Critical Risk,318528.0,106.3,Reason codes not available in SHAP sample
118434,0.9007260214191908,Critical Risk,545040.0,106.28,Reason codes not available in SHAP sample
434057,0.9249373612860224,Critical Risk,286704.0,106.27,Reason codes not available in SHAP sample
417353,0.9194342194681204,Critical Risk,343800.0,106.27,Reason codes not available in SHAP sample
293790,0.900650316189053,Critical Risk,545040.0,106.27,Reason codes not available in SHAP sample
151287,0.8961030955779431,Critical Risk,595273.5,106.27,Reason codes not available in SHAP sample
261600,0.919360587795454,Critical Risk,343800.0,106.26,Reason codes not available in SHAP sample
355941,0.8962006044204094,Critical Risk,592560.0,106.26,Reason codes not available in SHAP sample
422474,0.8940489200540873,Critical Risk,616756.5,106.26,Reason codes not available in SHAP sample
179036,0.891983412962657,Critical Risk,640080.0,106.26,Reason codes not available in SHAP sample
210115,0.8827265626801638,Critical Risk,743958.0,106.26,Reason codes not available in SHAP sample
201002,0.8693662957183189,Critical Risk,898326.0,106.26,Reason codes not available in SHAP sample
157331,0.8528215245783758,Critical Risk,1096020.0,106.26,Reason codes not available in SHAP sample
449863,0.9136827668076798,Critical Risk,402048.0,106.24,Reason codes not available in SHAP sample
256581,0.8541584012739704,Critical Risk,1078200.0,106.24,Reason codes not available in SHAP sample
337732,0.907341337097642,Critical Risk,468648.0,106.23,Reason codes not available in SHAP sample
238458,0.8689795367845385,Critical Risk,900000.0,106.23,Reason codes not available in SHAP sample
441837,0.9219323943968748,Critical Risk,312768.0,106.22,Reason codes not available in SHAP sample
245081,0.9026837518048568,Critical Risk,517788.0,106.22,Reason codes not available in SHAP sample
375517,0.9002348272755126,Critical Risk,545040.0,106.22,Reason codes not available in SHAP sample
197216,0.8569360235686767,Critical Risk,1042560.0,106.22,Reason codes not available in SHAP sample
334702,0.9001383523344265,Critical Risk,545040.0,106.21,Reason codes not available in SHAP sample
153282,0.8732797946415041,Critical Risk,848070.0,106.21,Reason codes not available in SHAP sample
411548,0.918817002099032,Critical Risk,343800.0,106.2,Reason codes not available in SHAP sample
125415,0.9096310131805524,Critical Risk,441481.5,106.2,Reason codes not available in SHAP sample
313621,0.9022681789703052,Critical Risk,521280.0,106.2,Reason codes not available in SHAP sample
435347,0.8721420666909026,Critical Risk,860112.0,106.2,Reason codes not available in SHAP sample
324395,0.922123221565834,Critical Risk,308133.0,106.19,Reason codes not available in SHAP sample
198439,0.908702699564844,Critical Risk,450000.0,106.19,Reason codes not available in SHAP sample
256759,0.8817241615254278,Critical Risk,748651.5,106.19,Reason codes not available in SHAP sample
295856,0.8392574042908197,Critical Risk,1256400.0,106.18,Reason codes not available in SHAP sample
415612,0.9085806175882633,Critical Risk,450000.0,106.17,Reason codes not available in SHAP sample
133187,0.8998327611721915,Critical Risk,545040.0,106.17,Reason codes not available in SHAP sample
453154,0.9207858730825134,Critical Risk,319981.5,106.16,Reason codes not available in SHAP sample
439358,0.9084779015282588,Critical Risk,450000.0,106.16,Reason codes not available in SHAP sample
204665,0.9022731770956594,Critical Risk,517536.0,106.16,Reason codes not available in SHAP sample
243956,0.8997171900890077,Critical Risk,545040.0,106.16,Reason codes not available in SHAP sample
367213,0.8911465418876185,Critical Risk,640080.0,106.16,Reason codes not available in SHAP sample
403635,0.8531462112240833,Critical Risk,1082214.0,106.16,Reason codes not available in SHAP sample
383844,0.8952767620600554,Critical Risk,592560.0,106.15,Reason codes not available in SHAP sample
359056,0.8647468581635628,Critical Risk,942300.0,106.15,Reason codes not available in SHAP sample
223862,0.9017563150440626,Critical Risk,521280.0,106.14,Reason codes not available in SHAP sample
133397,0.8778907621258241,Critical Risk,787131.0,106.13,Reason codes not available in SHAP sample
386624,0.859185833298318,Critical Risk,1006920.0,106.13,Reason codes not available in SHAP sample
379740,0.8874260139729596,Critical Risk,677664.0,106.12,Reason codes not available in SHAP sample
405715,0.8425886150324267,Critical Risk,1208335.5,106.12,Reason codes not available in SHAP sample
271246,0.8324792710624515,Critical Risk,1336500.0,106.12,Reason codes not available in SHAP sample
413800,0.8758309566271472,Critical Risk,808650.0,106.11,Reason codes not available in SHAP sample
144382,0.8574846192041491,Critical Risk,1024740.0,106.11,Reason codes not available in SHAP sample
408922,0.9263972667782584,Critical Risk,255960.0,106.1,Reason codes not available in SHAP sample
340032,0.8992527590866164,Critical Risk,544500.0,106.1,Reason codes not available in SHAP sample
441058,0.8929205613097954,Critical Risk,614574.0,106.1,Reason codes not available in SHAP sample
273000,0.8791509453308032,Critical Risk,769743.0,106.1,Reason codes not available in SHAP sample
323416,0.864686213436179,Critical Risk,938362.5,106.1,Reason codes not available in SHAP sample
407115,0.9061630946628576,Critical Risk,468733.5,106.09,Reason codes not available in SHAP sample
303323,0.8991380022454808,Critical Risk,545040.0,106.09,Reason codes not available in SHAP sample
335898,0.8940069340413129,Critical Risk,601470.0,106.09,Reason codes not available in SHAP sample
268313,0.8905484734525414,Critical Risk,640080.0,106.09,Reason codes not available in SHAP sample
404167,0.8642376646861771,Critical Risk,942300.0,106.09,Reason codes not available in SHAP sample
120114,0.9206138430578772,Critical Risk,314100.0,106.08,Reason codes not available in SHAP sample
241788,0.9078221615276216,Critical Risk,450000.0,106.08,Reason codes not available in SHAP sample
327320,0.885548461765929,Critical Risk,695439.0,106.08,Reason codes not available in SHAP sample
443185,0.8731703070968162,Critical Risk,835380.0,106.07,Reason codes not available in SHAP sample
315351,0.898842748620765,Critical Risk,545040.0,106.06,Reason codes not available in SHAP sample
305768,0.8975839723572393,Critical Risk,557770.5,106.05,Reason codes not available in SHAP sample
409053,0.8901589901916706,Critical Risk,640080.0,106.05,Reason codes not available in SHAP sample
161429,0.8753160433590237,Critical Risk,808650.0,106.05,Reason codes not available in SHAP sample
309115,0.8544255432865907,Critical Risk,1056447.0,106.05,Low external credit score; Prior refused application history
294420,0.8970568394440169,Critical Risk,562932.0,106.04,Reason codes not available in SHAP sample
403220,0.8356028756895796,Critical Risk,1288350.0,106.04,Reason codes not available in SHAP sample
379615,0.91355871970448,Critical Risk,384048.0,106.03,Reason codes not available in SHAP sample
285621,0.8770024306252434,Critical Risk,788103.0,106.03,Reason codes not available in SHAP sample
385033,0.908596853997314,Critical Risk,436032.0,106.02,Reason codes not available in SHAP sample
299927,0.8899127074067842,Critical Risk,640080.0,106.02,Reason codes not available in SHAP sample
236991,0.886858267764807,Critical Risk,675000.0,106.02,Reason codes not available in SHAP sample
288125,0.8380184054281321,Critical Risk,1256400.0,106.02,Reason codes not available in SHAP sample
401265,0.825329149090506,Critical Risk,1418692.5,106.02,Reason codes not available in SHAP sample
317450,0.9229071688612924,Critical Risk,284400.0,106.01,Reason codes not available in SHAP sample
432754,0.8718185491298894,Critical Risk,846000.0,106.01,Reason codes not available in SHAP sample
210745,0.8570203903805295,Critical Risk,1019299.5,105.99,Reason codes not available in SHAP sample
191417,0.8547273007492618,Critical Risk,1046142.0,105.99,Reason codes not available in SHAP sample
100897,0.8976806251401905,Critical Risk,550980.0,105.98,Reason codes not available in SHAP sample
194916,0.8904033776939861,Critical Risk,630747.0,105.98,Reason codes not available in SHAP sample
251379,0.8896256427844821,Critical Risk,640080.0,105.98,Reason codes not available in SHAP sample
211316,0.902441079493766,Critical Risk,497520.0,105.97,Reason codes not available in SHAP sample
337612,0.8927816522941688,Critical Risk,604152.0,105.97,Reason codes not available in SHAP sample
166497,0.8936745187743882,Critical Risk,592560.0,105.96,Reason codes not available in SHAP sample
142808,0.8800235328398766,Critical Risk,746280.0,105.96,Reason codes not available in SHAP sample
173708,0.8792694022360186,Critical Risk,755190.0,105.96,Reason codes not available in SHAP sample
304592,0.8129625339512301,Critical Risk,1574532.0,105.95,Reason codes not available in SHAP sample
430267,0.8978359342911665,Critical Risk,545040.0,105.94,Reason codes not available in SHAP sample
361371,0.8978274644166804,Critical Risk,545040.0,105.94,Reason codes not available in SHAP sample
409499,0.8714894208173414,Critical Risk,843088.5,105.94,Reason codes not available in SHAP sample
140667,0.8670456368395725,Critical Risk,894906.0,105.94,Reason codes not available in SHAP sample
421301,0.9064738765353378,Critical Risk,450000.0,105.93,Reason codes not available in SHAP sample
342618,0.8875262596670983,Critical Risk,658246.5,105.93,Reason codes not available in SHAP sample
181126,0.9102965280446558,Critical Risk,408780.0,105.92,Reason codes not available in SHAP sample
372012,0.9026746529569976,Critical Risk,490536.0,105.92,Reason codes not available in SHAP sample
119043,0.8975767250569826,Critical Risk,545040.0,105.91,Reason codes not available in SHAP sample
135798,0.8515178724841637,Critical Risk,1078200.0,105.91,Reason codes not available in SHAP sample
428750,0.8923816731566626,Critical Risk,601470.0,105.9,Reason codes not available in SHAP sample
399311,0.9028266921678272,Critical Risk,486459.0,105.89,Reason codes not available in SHAP sample
216431,0.8857689782404253,Critical Risk,675000.0,105.89,Reason codes not available in SHAP sample
390304,0.8968234628983384,Critical Risk,551079.0,105.88,Reason codes not available in SHAP sample
168112,0.8887755375656374,Critical Risk,640080.0,105.88,Reason codes not available in SHAP sample
378488,0.9271334452077624,Critical Risk,227520.0,105.87,Reason codes not available in SHAP sample
177172,0.880828426567214,Critical Risk,728460.0,105.87,Reason codes not available in SHAP sample
227373,0.9067594152397378,Critical Risk,441000.0,105.86,Reason codes not available in SHAP sample
149497,0.8897008443015663,Critical Risk,627277.5,105.86,Reason codes not available in SHAP sample
308472,0.877278145218353,Critical Risk,768555.0,105.86,Low external credit score
138925,0.8599604395987109,Critical Risk,971280.0,105.86,Reason codes not available in SHAP sample
405815,0.8992715964960672,Critical Risk,521280.0,105.85,Reason codes not available in SHAP sample
289795,0.8884973863810798,Critical Risk,640080.0,105.85,Reason codes not available in SHAP sample
147818,0.8539127148889164,Critical Risk,1042560.0,105.85,Reason codes not available in SHAP sample
141988,0.917290372189124,Critical Risk,327024.0,105.84,Reason codes not available in SHAP sample
137837,0.8970442560812639,Critical Risk,545040.0,105.84,Reason codes not available in SHAP sample
348319,0.8782285909403688,Critical Risk,755190.0,105.84,Reason codes not available in SHAP sample
294957,0.89912190127311,Critical Risk,521280.0,105.83,Reason codes not available in SHAP sample
397972,0.8712564820375741,Critical Risk,835380.0,105.83,Reason codes not available in SHAP sample
235596,0.8566416053209993,Critical Risk,1008000.0,105.83,Reason codes not available in SHAP sample
167321,0.9055962920416996,Critical Risk,450000.0,105.82,Reason codes not available in SHAP sample
431380,0.8905743998665001,Critical Risk,614475.0,105.82,Reason codes not available in SHAP sample
365865,0.9118799104020384,Critical Risk,381528.0,105.81,Reason codes not available in SHAP sample
199386,0.9088048282753444,Critical Risk,414792.0,105.81,Reason codes not available in SHAP sample
265625,0.8967611566129323,Critical Risk,544491.0,105.81,Reason codes not available in SHAP sample
263219,0.9010248062467436,Critical Risk,497520.0,105.8,Reason codes not available in SHAP sample
345169,0.8988604060444125,Critical Risk,521280.0,105.8,Reason codes not available in SHAP sample
251395,0.8930346125983744,Critical Risk,584766.0,105.8,Reason codes not available in SHAP sample
365550,0.8923917453814926,Critical Risk,592560.0,105.8,Reason codes not available in SHAP sample
336719,0.8875019919627973,Critical Risk,646920.0,105.8,Reason codes not available in SHAP sample
111092,0.9109205443200152,Critical Risk,390447.0,105.79,Reason codes not available in SHAP sample
254013,0.8929695264916127,Critical Risk,585000.0,105.79,Reason codes not available in SHAP sample
388329,0.8879473462510737,Critical Risk,640080.0,105.78,Reason codes not available in SHAP sample
450980,0.8335655448967421,Critical Risk,1288350.0,105.78,Reason codes not available in SHAP sample
418058,0.8686010439752059,Critical Risk,860112.0,105.77,Reason codes not available in SHAP sample
383762,0.909993806193608,Critical Risk,396850.5,105.76,Reason codes not available in SHAP sample
415379,0.905567628938458,Critical Risk,444420.0,105.76,Reason codes not available in SHAP sample
407492,0.872465470762267,Critical Risk,814041.0,105.76,Reason codes not available in SHAP sample
226000,0.9113599950504562,Critical Risk,381528.0,105.75,Reason codes not available in SHAP sample
105247,0.8901164133161695,Critical Risk,612612.0,105.75,Reason codes not available in SHAP sample
175001,0.8333041201214937,Critical Risk,1288350.0,105.75,Reason codes not available in SHAP sample
111969,0.8961473433853655,Critical Risk,545040.0,105.74,Reason codes not available in SHAP sample
447344,0.8544838338965721,Critical Risk,1024740.0,105.74,Reason codes not available in SHAP sample
337915,0.8332432537747115,Critical Risk,1288350.0,105.74,Reason codes not available in SHAP sample
360304,0.9010387295035192,Critical Risk,490536.0,105.73,Reason codes not available in SHAP sample
423844,0.8927028372548327,Critical Risk,582228.0,105.73,Low external credit score; POS repayment profile signal
259288,0.9115904129806292,Critical Risk,376078.5,105.72,Reason codes not available in SHAP sample
283718,0.8959562796713592,Critical Risk,545040.0,105.72,Reason codes not available in SHAP sample
164338,0.8917007255531051,Critical Risk,592560.0,105.72,Reason codes not available in SHAP sample
426091,0.861218059208458,Critical Risk,942300.0,105.72,Reason codes not available in SHAP sample
347084,0.8470486518807948,Critical Risk,1113840.0,105.72,Reason codes not available in SHAP sample
154041,0.7856112765609903,Critical Risk,1928304.0,105.72,Reason codes not available in SHAP sample
391840,0.9109169023371032,Critical Risk,382500.0,105.71,Reason codes not available in SHAP sample
298284,0.8999026094910072,Critical Risk,501435.0,105.71,Reason codes not available in SHAP sample
382988,0.8897904931879174,Critical Risk,612612.0,105.71,Reason codes not available in SHAP sample
115649,0.8873625093167422,Critical Risk,640080.0,105.71,Reason codes not available in SHAP sample
215158,0.8771862488999439,Critical Risk,755190.0,105.71,Reason codes not available in SHAP sample
291662,0.9114117697554328,Critical Risk,376920.0,105.7,Reason codes not available in SHAP sample
168339,0.8958406215794595,Critical Risk,545040.0,105.7,Reason codes not available in SHAP sample
272726,0.8957862124103048,Critical Risk,545040.0,105.7,Low external credit score; Annuity burden risk signal; High bureau debt burden
231091,0.8906776835164848,Critical Risk,601470.0,105.7,Reason codes not available in SHAP sample
413084,0.8794722863768247,Critical Risk,728460.0,105.7,Reason codes not available in SHAP sample
374628,0.8701302155665198,Critical Risk,835380.0,105.7,Reason codes not available in SHAP sample
432364,0.8497558803628228,Critical Risk,1078200.0,105.7,Reason codes not available in SHAP sample
430739,0.9172260356360002,Critical Risk,314100.0,105.69,Reason codes not available in SHAP sample
204243,0.889713123540531,Critical Risk,612000.0,105.69,Reason codes not available in SHAP sample
192959,0.9092606638229564,Critical Risk,397332.0,105.68,Reason codes not available in SHAP sample
287338,0.8956732227402964,Critical Risk,545040.0,105.68,Reason codes not available in SHAP sample
268275,0.8870733774381128,Critical Risk,640080.0,105.68,Reason codes not available in SHAP sample
224786,0.8857833237649773,Critical Risk,654498.0,105.68,Reason codes not available in SHAP sample
193212,0.8948047920293272,Critical Risk,553806.0,105.67,Reason codes not available in SHAP sample
261601,0.886923678213017,Critical Risk,640080.0,105.66,Reason codes not available in SHAP sample
417277,0.8291683357236727,Critical Risk,1332000.0,105.66,Reason codes not available in SHAP sample
264295,0.8175169381368748,Critical Risk,1483650.0,105.66,Reason codes not available in SHAP sample
291632,0.8983855769481177,Critical Risk,512064.0,105.65,Reason codes not available in SHAP sample
151746,0.8868684784842892,Critical Risk,640080.0,105.65,Reason codes not available in SHAP sample
328687,0.8868396042829165,Critical Risk,640080.0,105.65,Reason codes not available in SHAP sample
410329,0.8868245290881922,Critical Risk,640080.0,105.65,Reason codes not available in SHAP sample
417313,0.859600913176962,Critical Risk,954864.0,105.65,Reason codes not available in SHAP sample
318192,0.7826471164556837,Critical Risk,1963494.0,105.65,Reason codes not available in SHAP sample
194127,0.8985809906475575,Critical Risk,509400.0,105.64,Reason codes not available in SHAP sample
133938,0.8952749218293015,Critical Risk,545040.0,105.64,Reason codes not available in SHAP sample
218966,0.9195308390098924,Critical Risk,284400.0,105.63,Reason codes not available in SHAP sample
171308,0.8971010761960668,Critical Risk,524866.5,105.63,Reason codes not available in SHAP sample
152205,0.8838133691506254,Critical Risk,672453.0,105.63,Reason codes not available in SHAP sample
157521,0.7939718022072179,Critical Risk,1800000.0,105.63,Reason codes not available in SHAP sample
314939,0.8951670866627215,Critical Risk,545040.0,105.62,Reason codes not available in SHAP sample
282547,0.8972085923810318,Critical Risk,521280.0,105.61,Reason codes not available in SHAP sample
236551,0.9191866185752416,Critical Risk,284400.0,105.59,Reason codes not available in SHAP sample
172988,0.9019908626087266,Critical Risk,467257.5,105.59,Reason codes not available in SHAP sample
364531,0.8992395492685995,Critical Risk,497520.0,105.59,Reason codes not available in SHAP sample
370840,0.8832145254364223,Critical Risk,675000.0,105.59,Reason codes not available in SHAP sample
156112,0.8361123689411994,Critical Risk,1237554.0,105.59,Reason codes not available in SHAP sample
372373,0.8947596788751697,Critical Risk,545040.0,105.58,Reason codes not available in SHAP sample
265508,0.8862035832534069,Critical Risk,640080.0,105.58,Reason codes not available in SHAP sample
218220,0.9034353273671872,Critical Risk,450000.0,105.57,Reason codes not available in SHAP sample
160348,0.8903854100180643,Critical Risk,592560.0,105.57,Reason codes not available in SHAP sample
118334,0.8830447401942207,Critical Risk,675000.0,105.57,Reason codes not available in SHAP sample
164898,0.912774861586459,Critical Risk,349258.5,105.56,Reason codes not available in SHAP sample
437873,0.8927416865865329,Critical Risk,566055.0,105.56,Reason codes not available in SHAP sample
218609,0.8860873780482191,Critical Risk,640080.0,105.56,Reason codes not available in SHAP sample
217284,0.881564164413651,Critical Risk,691020.0,105.56,Reason codes not available in SHAP sample
195243,0.8902848848415221,Critical Risk,592560.0,105.55,Reason codes not available in SHAP sample
454214,0.8902073854029997,Critical Risk,592560.0,105.55,Reason codes not available in SHAP sample
278977,0.8078509661721035,Critical Risk,1601496.0,105.55,Reason codes not available in SHAP sample
237958,0.9033581096762008,Critical Risk,448056.0,105.54,Reason codes not available in SHAP sample
138005,0.8711671443074781,Critical Risk,808650.0,105.54,Reason codes not available in SHAP sample
323353,0.8597540396379202,Critical Risk,942300.0,105.54,Reason codes not available in SHAP sample
223118,0.8943611736676115,Critical Risk,545040.0,105.53,Reason codes not available in SHAP sample
256914,0.8858514220364967,Critical Risk,640080.0,105.53,Reason codes not available in SHAP sample
138017,0.854266636641551,Critical Risk,1006920.0,105.53,Reason codes not available in SHAP sample
184086,0.8832185008008734,Critical Risk,668304.0,105.52,Reason codes not available in SHAP sample
182882,0.8725151048891578,Critical Risk,790830.0,105.52,Reason codes not available in SHAP sample
255875,0.8723780155201633,Critical Risk,792162.0,105.52,Reason codes not available in SHAP sample
266796,0.8710051977090787,Critical Risk,808650.0,105.52,Reason codes not available in SHAP sample
262314,0.9113570330119268,Critical Risk,360000.0,105.51,Reason codes not available in SHAP sample
388411,0.9108479833325012,Critical Risk,364896.0,105.51,Reason codes not available in SHAP sample
442503,0.8942367058492723,Critical Risk,545040.0,105.51,Reason codes not available in SHAP sample
299131,0.8942089676531992,Critical Risk,545040.0,105.51,Reason codes not available in SHAP sample
216078,0.8856316920581877,Critical Risk,640080.0,105.51,Reason codes not available in SHAP sample
331721,0.8919581506610187,Critical Risk,568858.5,105.5,Reason codes not available in SHAP sample
310987,0.8855863509086004,Critical Risk,640080.0,105.5,Reason codes not available in SHAP sample
425500,0.8934562548823772,Critical Risk,551079.0,105.49,Reason codes not available in SHAP sample
182561,0.885524955896201,Critical Risk,640080.0,105.49,Reason codes not available in SHAP sample
228611,0.9089315172031546,Critical Risk,383089.5,105.48,Reason codes not available in SHAP sample
131152,0.9087199953353682,Critical Risk,385164.0,105.48,Reason codes not available in SHAP sample
144103,0.8939587666832876,Critical Risk,545040.0,105.48,Reason codes not available in SHAP sample
452761,0.9151135495265552,Critical Risk,316125.0,105.47,Reason codes not available in SHAP sample
285799,0.912783153562464,Critical Risk,341280.0,105.47,Reason codes not available in SHAP sample
203543,0.889868193626314,Critical Risk,589441.5,105.47,Reason codes not available in SHAP sample
278763,0.8479407574942472,Critical Risk,1078200.0,105.47,Reason codes not available in SHAP sample
380739,0.8416393920075501,Critical Risk,1155492.0,105.47,Reason codes not available in SHAP sample
302567,0.8997494042966612,Critical Risk,480060.0,105.46,Reason codes not available in SHAP sample
455702,0.8478873092390375,Critical Risk,1078200.0,105.46,Reason codes not available in SHAP sample
300315,0.915133545627927,Critical Risk,314100.0,105.45,Reason codes not available in SHAP sample
301821,0.9062608377521671,Critical Risk,408780.0,105.45,Reason codes not available in SHAP sample
185488,0.902447045774341,Critical Risk,450000.0,105.45,Reason codes not available in SHAP sample
359264,0.8942769354722698,Critical Risk,537669.0,105.44,Reason codes not available in SHAP sample
388456,0.906298980442967,Critical Risk,405000.0,105.42,Reason codes not available in SHAP sample
121845,0.9021629638624676,Critical Risk,450000.0,105.42,Reason codes not available in SHAP sample
130713,0.8934267007873813,Critical Risk,545040.0,105.42,Reason codes not available in SHAP sample
252637,0.8859606962239603,Critical Risk,628114.5,105.42,Reason codes not available in SHAP sample
139778,0.8546240092587372,Critical Risk,991944.0,105.42,Reason codes not available in SHAP sample
367252,0.8475263930847369,Critical Risk,1078200.0,105.42,Reason codes not available in SHAP sample
402166,0.917615196388672,Critical Risk,284400.0,105.41,Reason codes not available in SHAP sample
431653,0.8816951588793323,Critical Risk,675000.0,105.41,Reason codes not available in SHAP sample
163880,0.9134810707597302,Critical Risk,327024.0,105.4,Reason codes not available in SHAP sample
181983,0.9081349989203832,Critical Risk,384048.0,105.4,Reason codes not available in SHAP sample
266992,0.9032740374535536,Critical Risk,436360.5,105.4,Reason codes not available in SHAP sample
115236,0.8947307981986977,Critical Risk,528637.5,105.4,Reason codes not available in SHAP sample
152805,0.8847237561854521,Critical Risk,640080.0,105.4,Reason codes not available in SHAP sample
449562,0.8964598651235212,Critical Risk,509400.0,105.39,Reason codes not available in SHAP sample
267731,0.8944766509188261,Critical Risk,531265.5,105.39,Reason codes not available in SHAP sample
164745,0.8888709596185962,Critical Risk,592560.0,105.39,Reason codes not available in SHAP sample
417574,0.8846213348243178,Critical Risk,640080.0,105.39,Reason codes not available in SHAP sample
414174,0.8721772952300382,Critical Risk,781920.0,105.39,Reason codes not available in SHAP sample
166924,0.8329874413514584,Critical Risk,1256400.0,105.39,Reason codes not available in SHAP sample
344985,0.9019478667374758,Critical Risk,448056.0,105.38,Reason codes not available in SHAP sample
296908,0.8664172367040919,Critical Risk,848745.0,105.38,Low external credit score; Annuity burden risk signal; High bureau debt burden
163125,0.8887028724080902,Critical Risk,592560.0,105.37,Reason codes not available in SHAP sample
148261,0.8844715293923118,Critical Risk,640080.0,105.37,Reason codes not available in SHAP sample
437880,0.8743827829978003,Critical Risk,755190.0,105.37,Reason codes not available in SHAP sample
397733,0.8715564537912259,Critical Risk,787131.0,105.37,Reason codes not available in SHAP sample
277836,0.8290950374093291,Critical Risk,1303812.0,105.37,Reason codes not available in SHAP sample
270828,0.7612022964983344,Critical Risk,2250000.0,105.37,Reason codes not available in SHAP sample
292368,0.920758682778515,Critical Risk,247275.0,105.36,Reason codes not available in SHAP sample
416592,0.8965461972631767,Critical Risk,505332.0,105.36,Reason codes not available in SHAP sample
222370,0.8886315335265984,Critical Risk,592560.0,105.36,Reason codes not available in SHAP sample
248803,0.8582841717155798,Critical Risk,942300.0,105.36,Reason codes not available in SHAP sample
266263,0.8843053515840645,Critical Risk,640080.0,105.35,Reason codes not available in SHAP sample
120758,0.8283350704170015,Critical Risk,1312110.0,105.35,Reason codes not available in SHAP sample
157126,0.8201608317440151,Critical Risk,1417500.0,105.35,Reason codes not available in SHAP sample
114901,0.8082509272590044,Critical Risk,1575000.0,105.35,Reason codes not available in SHAP sample
188184,0.9016159395426014,Critical Risk,448056.0,105.34,Reason codes not available in SHAP sample
250192,0.8957953942387623,Critical Risk,512064.0,105.34,Reason codes not available in SHAP sample
191867,0.8835880245735536,Critical Risk,647046.0,105.34,Reason codes not available in SHAP sample
171400,0.8719963268781717,Critical Risk,779688.0,105.34,Reason codes not available in SHAP sample
374282,0.8233401296147657,Critical Risk,1375380.0,105.34,Reason codes not available in SHAP sample
194587,0.9090466828274374,Critical Risk,367389.0,105.33,Reason codes not available in SHAP sample
397009,0.8970123206258921,Critical Risk,497520.0,105.33,Reason codes not available in SHAP sample
132173,0.9112455554994908,Critical Risk,343800.0,105.32,Reason codes not available in SHAP sample
162976,0.8947281407015379,Critical Risk,521280.0,105.32,Reason codes not available in SHAP sample
381708,0.8749690284755711,Critical Risk,743031.0,105.32,Reason codes not available in SHAP sample
233772,0.8507554550956553,Critical Risk,1029681.0,105.32,Reason codes not available in SHAP sample
338242,0.8968317296133895,Critical Risk,497520.0,105.31,Reason codes not available in SHAP sample
341712,0.8946481807132631,Critical Risk,521280.0,105.31,Reason codes not available in SHAP sample
151525,0.8925319065159474,Critical Risk,545040.0,105.31,Reason codes not available in SHAP sample
371656,0.8555223719264133,Critical Risk,970380.0,105.31,Reason codes not available in SHAP sample
327364,0.8495573426038191,Critical Risk,1042560.0,105.31,Reason codes not available in SHAP sample
200622,0.8827938345887706,Critical Risk,652500.0,105.3,Reason codes not available in SHAP sample
215275,0.8482527472060242,Critical Risk,1057266.0,105.3,Reason codes not available in SHAP sample
254645,0.8894975509419896,Critical Risk,576072.0,105.29,Reason codes not available in SHAP sample
226678,0.9119336475050444,Critical Risk,333000.0,105.28,Reason codes not available in SHAP sample
392472,0.9108460625766148,Critical Risk,343800.0,105.28,Reason codes not available in SHAP sample
393548,0.8313845940568653,Critical Risk,1265724.0,105.28,Reason codes not available in SHAP sample
338393,0.9136113737745412,Critical Risk,314100.0,105.27,Reason codes not available in SHAP sample
116516,0.900895173321778,Critical Risk,450000.0,105.27,Reason codes not available in SHAP sample
160669,0.894325238504037,Critical Risk,521280.0,105.27,Reason codes not available in SHAP sample
204144,0.8902797877461035,Critical Risk,566055.0,105.27,Reason codes not available in SHAP sample
200259,0.8942626273170712,Critical Risk,521280.0,105.26,Reason codes not available in SHAP sample
201013,0.8520759222215256,Critical Risk,1007352.0,105.26,Reason codes not available in SHAP sample
298449,0.917646166649696,Critical Risk,269550.0,105.25,Reason codes not available in SHAP sample
212885,0.8921592786413115,Critical Risk,543037.5,105.25,Reason codes not available in SHAP sample
127046,0.878746240115958,Critical Risk,693301.5,105.25,Reason codes not available in SHAP sample
241789,0.809657797524785,Critical Risk,1546020.0,105.25,Reason codes not available in SHAP sample
379161,0.8075049609561601,Critical Risk,1575000.0,105.25,Reason codes not available in SHAP sample
224163,0.9154753469389896,Critical Risk,291915.0,105.24,Reason codes not available in SHAP sample
316670,0.8723327676682159,Critical Risk,766282.5,105.24,Reason codes not available in SHAP sample
320219,0.860839280531269,Critical Risk,900000.0,105.24,Reason codes not available in SHAP sample
100020,0.8950342665009763,Critical Risk,509602.5,105.23,Reason codes not available in SHAP sample
196887,0.8733000312318204,Critical Risk,753840.0,105.23,Reason codes not available in SHAP sample
235314,0.8662726328048359,Critical Risk,835380.0,105.23,Reason codes not available in SHAP sample
390102,0.842214838823519,Critical Risk,1125000.0,105.23,Reason codes not available in SHAP sample
122628,0.8103388431166433,Critical Risk,1535553.0,105.23,Reason codes not available in SHAP sample
220185,0.9131882363778374,Critical Risk,314100.0,105.22,Reason codes not available in SHAP sample
317631,0.9104184945915922,Critical Risk,343377.0,105.22,Reason codes not available in SHAP sample
428030,0.9199268675385548,Critical Risk,242595.0,105.21,Reason codes not available in SHAP sample
184020,0.8938439946854663,Critical Risk,521280.0,105.21,Reason codes not available in SHAP sample
313967,0.8800595711632574,Critical Risk,675000.0,105.21,Reason codes not available in SHAP sample
196511,0.9044291140093956,Critical Risk,405000.0,105.2,Reason codes not available in SHAP sample
284784,0.8660193212906107,Critical Risk,835380.0,105.2,Reason codes not available in SHAP sample
356803,0.9031245785133868,Critical Risk,418500.0,105.19,Reason codes not available in SHAP sample
201132,0.8958300807434916,Critical Risk,497520.0,105.19,Reason codes not available in SHAP sample
344899,0.8914779986066885,Critical Risk,545040.0,105.19,Reason codes not available in SHAP sample
425095,0.8872036413545842,Critical Risk,592560.0,105.19,Reason codes not available in SHAP sample
146601,0.9098187900762644,Critical Risk,345645.0,105.18,Low external credit score; Credit exposure risk signal; Prior refused application history
140236,0.9055473006375474,Critical Risk,390960.0,105.18,Reason codes not available in SHAP sample
258431,0.8727408238514877,Critical Risk,755190.0,105.18,Reason codes not available in SHAP sample
303617,0.8658409696672479,Critical Risk,835380.0,105.18,Reason codes not available in SHAP sample
121071,0.8456140846284231,Critical Risk,1078200.0,105.18,Reason codes not available in SHAP sample
332452,0.919070028067882,Critical Risk,247500.0,105.17,Reason codes not available in SHAP sample
269078,0.893449803318697,Critical Risk,521280.0,105.17,Low external credit score; Annuity burden risk signal
199338,0.891337369142398,Critical Risk,545040.0,105.17,Reason codes not available in SHAP sample
167624,0.8912998686994354,Critical Risk,545040.0,105.17,Reason codes not available in SHAP sample
419395,0.8521438688384327,Critical Risk,997335.0,105.17,Reason codes not available in SHAP sample
177267,0.891676179840034,Critical Risk,539959.5,105.16,Low external credit score; POS repayment profile signal; Annuity burden risk signal
215553,0.8911766907493892,Critical Risk,545040.0,105.15,Reason codes not available in SHAP sample
444916,0.845367195149128,Critical Risk,1078200.0,105.15,Reason codes not available in SHAP sample
394720,0.8825781597534912,Critical Risk,640080.0,105.14,Reason codes not available in SHAP sample
190135,0.8825031597439719,Critical Risk,640080.0,105.13,Reason codes not available in SHAP sample
387886,0.8767133966956279,Critical Risk,704844.0,105.13,Reason codes not available in SHAP sample
169484,0.8696283611975051,Critical Risk,787131.0,105.13,Reason codes not available in SHAP sample
159954,0.918413641974029,Critical Risk,250272.0,105.12,Reason codes not available in SHAP sample
156980,0.9062507943236509,Critical Risk,378117.0,105.12,Reason codes not available in SHAP sample
196060,0.8860617184576401,Critical Risk,598401.0,105.12,Reason codes not available in SHAP sample
408948,0.8451213623811037,Critical Risk,1078200.0,105.12,Reason codes not available in SHAP sample
442729,0.8445818463297602,Critical Risk,1084500.0,105.12,Reason codes not available in SHAP sample
142858,0.8930125535345285,Critical Risk,521280.0,105.11,Reason codes not available in SHAP sample
311272,0.8907990107705717,Critical Risk,545040.0,105.11,Reason codes not available in SHAP sample
395634,0.7900823809587436,Critical Risk,1800000.0,105.11,Reason codes not available in SHAP sample
359243,0.8999711879981621,Critical Risk,444420.0,105.1,Reason codes not available in SHAP sample
197457,0.8976705504411595,Critical Risk,469152.0,105.1,Reason codes not available in SHAP sample
293242,0.8939799805049622,Critical Risk,509400.0,105.1,Reason codes not available in SHAP sample
395659,0.9056886394437244,Critical Risk,381528.0,105.09,Reason codes not available in SHAP sample
389352,0.8927913392067175,Critical Risk,521280.0,105.09,Reason codes not available in SHAP sample
127941,0.8815212713989772,Critical Risk,646920.0,105.09,Reason codes not available in SHAP sample
205067,0.8534690434605322,Critical Risk,973710.0,105.09,Reason codes not available in SHAP sample
222369,0.8905799870672932,Critical Risk,545040.0,105.08,Reason codes not available in SHAP sample
135603,0.8905626361866363,Critical Risk,545040.0,105.08,Reason codes not available in SHAP sample
159860,0.8905407692616575,Critical Risk,545040.0,105.08,Reason codes not available in SHAP sample
100301,0.8882034955266757,Critical Risk,571486.5,105.08,Reason codes not available in SHAP sample
207639,0.8862948630313325,Critical Risk,592560.0,105.08,Reason codes not available in SHAP sample
326952,0.8726896464756686,Critical Risk,746280.0,105.08,Reason codes not available in SHAP sample
206117,0.8491766580388099,Critical Risk,1024740.0,105.08,Reason codes not available in SHAP sample
428640,0.9146667919845112,Critical Risk,284400.0,105.07,Reason codes not available in SHAP sample
359165,0.9153477107558012,Critical Risk,276408.0,105.06,Reason codes not available in SHAP sample
377575,0.8934849781557067,Critical Risk,510853.5,105.06,Reason codes not available in SHAP sample
267990,0.8847319662421582,Critical Risk,608076.0,105.06,Reason codes not available in SHAP sample
448612,0.8671787370374086,Critical Risk,808650.0,105.06,Reason codes not available in SHAP sample
321601,0.8082121164320656,Critical Risk,1546020.0,105.06,Reason codes not available in SHAP sample
120693,0.8924286972148014,Critical Risk,521280.0,105.05,Reason codes not available in SHAP sample
168938,0.890270813029317,Critical Risk,545040.0,105.05,Reason codes not available in SHAP sample
240221,0.8818198229985816,Critical Risk,640080.0,105.05,Reason codes not available in SHAP sample
309248,0.8693566328328266,Critical Risk,781920.0,105.05,Reason codes not available in SHAP sample
157143,0.8584165617455021,Critical Risk,911079.0,105.05,Reason codes not available in SHAP sample
379289,0.9090543643829057,Critical Risk,341280.0,105.04,Reason codes not available in SHAP sample
436020,0.8402082512842396,Critical Risk,1130760.0,105.04,Reason codes not available in SHAP sample
171856,0.8944890596929895,Critical Risk,497520.0,105.03,Reason codes not available in SHAP sample
236187,0.8872104492545778,Critical Risk,577147.5,105.03,Reason codes not available in SHAP sample
443442,0.9142425383416576,Critical Risk,284400.0,105.02,Reason codes not available in SHAP sample
187634,0.8930539995324349,Critical Risk,512064.0,105.02,Reason codes not available in SHAP sample
